,kW
tran_xf_701_44558_5022,4.4562323088547
tran_xf_701_44558_5024,8.400560867008547
tran_xf_701_44558_5025,4.119674054017094
tran_xf_701_44558_5032,4.4562323088547
tran_xf_701_44558_5034,8.400560867008547
tran_xf_701_44558_5035,4.119674054017094
tran_xf_701_46941_5022,5.034132338666667
tran_xf_701_46941_5024,4.085418803418804
tran_xf_701_46941_5025,5.623425141196581
tran_xf_701_46941_5032,5.034132338666667
tran_xf_701_46941_5034,4.085418803418804
tran_xf_701_46941_5035,5.623425141196581
tran_dj_348700_1816_5022,7.708291298119658
tran_dj_348700_1816_5024,49.40153986119658
tran_dj_348700_1816_5025,8.10457334940171
tran_dj_373525_1816_5022,6.811620427931624
tran_dj_373525_1816_5024,21.637269160786325
tran_dj_373525_1816_5025,9.171055765504272
tran_dj_367418_1816_5022,7.3939617484102556
tran_dj_367418_1816_5024,26.443126665504273
tran_dj_367418_1816_5025,8.706938491350428
tran_xf_701_47091_5022,4.831079586974359
tran_xf_701_47091_5024,11.457009246837607
tran_xf_701_47091_5025,5.932008547008547
tran_xf_701_47091_5032,4.831079586974359
tran_xf_701_47091_5034,11.457009246837607
tran_xf_701_47091_5035,5.932008547008547
tran_xf_701_47055_5022,6.049708911829059
tran_xf_701_47055_5024,11.903032788376066
tran_xf_701_47055_5025,6.784349867487178
tran_xf_701_47055_5032,6.049708911829059
tran_xf_701_47055_5034,11.903032788376066
tran_xf_701_47055_5035,6.784349867487178
tran_xf_701_46089_5022,3.9881266655042733
tran_xf_701_46089_5024,7.044708911829059
tran_xf_701_46089_5025,4.4504188034188035
tran_xf_701_46089_5032,3.9881266655042733
tran_xf_701_46089_5034,7.044708911829059
tran_xf_701_46089_5035,4.4504188034188035
tran_bp_701_89573_5022,28.432765867042733
tran_bp_701_89573_5024,4.547341880341881
tran_bp_701_89573_5025,4.547341880341881
tran_bp_701_89573_5032,28.432765867042733
tran_bp_701_89573_5034,4.547341880341881
tran_bp_701_89573_5035,4.547341880341881
tran_bp_701_89573_5042,28.432765867042733
tran_bp_701_89573_5044,4.547341880341881
tran_bp_701_89573_5045,4.547341880341881
tran_dj_357591_1816_5022,7.165038181606837
tran_dj_357591_1816_5024,11.261511490837607
tran_dj_357591_1816_5025,5.7897109166495735
tran_dj_357591_1816_5032,7.165038181606837
tran_dj_357591_1816_5034,11.261511490837607
tran_dj_357591_1816_5035,5.7897109166495735
tran_xf_701_43136_5022,4.906344054358974
tran_xf_701_43136_5024,13.848555765504273
tran_xf_701_43136_5025,4.682320652786324
tran_xf_701_43136_5032,4.906344054358974
tran_xf_701_43136_5034,13.848555765504273
tran_xf_701_43136_5035,4.682320652786324
tran_dj_388091_1816_5022,5.548879782017094
tran_dj_388091_1816_5024,11.720626665504273
tran_dj_388091_1816_5025,4.355314559726495
tran_dj_388091_1816_5032,5.548879782017094
tran_dj_388091_1816_5034,11.720626665504273
tran_dj_388091_1816_5035,4.355314559726495
tran_dj_362344_1816_5022,3.9668498674871784
tran_dj_362344_1816_5024,9.693108797128206
tran_dj_362344_1816_5025,4.849508547008547
tran_dj_362344_1816_5032,3.9668498674871784
tran_dj_362344_1816_5034,9.693108797128206
tran_dj_362344_1816_5035,4.849508547008547
tran_xf_701_44741_5022,4.96794416451282
tran_xf_701_44741_5024,12.7125
tran_xf_701_44741_5025,6.55696756153846
tran_xf_701_44741_5032,4.96794416451282
tran_xf_701_44741_5034,12.7125
tran_xf_701_44741_5035,6.55696756153846
tran_xf_701_41212_5022,5.14724393965812
tran_xf_701_41212_5024,10.473226495726493
tran_xf_701_41212_5025,5.086519967726495
tran_xf_701_41212_5032,5.14724393965812
tran_xf_701_41212_5034,10.473226495726493
tran_xf_701_41212_5035,5.086519967726495
tran_dj_383582_1816_5022,4.822008547008547
tran_dj_383582_1816_5024,12.804421327350429
tran_dj_383582_1816_5025,5.994425947076922
tran_dj_383582_1816_5032,4.822008547008547
tran_dj_383582_1816_5034,12.804421327350429
tran_dj_383582_1816_5035,5.994425947076922
tran_dj_362253_1816_5022,5.2363850352820505
tran_dj_362253_1816_5024,7.411297815623931
tran_dj_362253_1816_5025,5.095925141196581
tran_dj_362253_1816_5032,5.2363850352820505
tran_dj_362253_1816_5034,7.411297815623931
tran_dj_362253_1816_5035,5.095925141196581
tran_xf_701_41536_5022,7.026055765504273
tran_xf_701_41536_5024,11.669533768136752
tran_xf_701_41536_5025,4.094873544444444
tran_xf_701_41536_5032,7.026055765504273
tran_xf_701_41536_5034,11.669533768136752
tran_xf_701_41536_5035,4.094873544444444
tran_xf_701_40245_5022,6.229829449470086
tran_xf_701_40245_5024,10.929427321982907
tran_xf_701_40245_5025,4.1138440543589745
tran_xf_701_40245_5032,6.229829449470086
tran_xf_701_40245_5034,10.929427321982907
tran_xf_701_40245_5035,4.1138440543589745
tran_dj_392441_1816_5022,5.430361498290598
tran_dj_392441_1816_5024,13.948032788376068
tran_dj_392441_1816_5025,6.127008547008547
tran_dj_392441_1816_5032,5.430361498290598
tran_dj_392441_1816_5034,13.948032788376068
tran_dj_392441_1816_5035,6.127008547008547
tran_dj_383512_1816_5022,7.560261663521367
tran_dj_383512_1816_5024,8.663444724376069
tran_dj_383512_1816_5025,6.064230769230769
tran_dj_383512_1816_5032,7.560261663521367
tran_dj_383512_1816_5034,8.663444724376069
tran_dj_383512_1816_5035,6.064230769230769
tran_dj_378668_1816_5022,5.1366630727179485
tran_dj_378668_1816_5024,13.369432533709402
tran_dj_378668_1816_5025,5.886026690769231
tran_dj_378668_1816_5032,5.1366630727179485
tran_dj_378668_1816_5034,13.369432533709402
tran_dj_378668_1816_5035,5.886026690769231
tran_dj_387998_1816_5022,4.336938491350427
tran_dj_387998_1816_5024,14.177474778871794
tran_dj_387998_1816_5025,5.008890988376067
tran_dj_387998_1816_5032,4.336938491350427
tran_dj_387998_1816_5034,14.177474778871794
tran_dj_387998_1816_5035,5.008890988376067
tran_dj_383520_1816_5022,4.858891692752136
tran_dj_383520_1816_5024,19.393126665504273
tran_dj_383520_1816_5025,8.526764957264955
tran_dj_383520_1816_5032,4.858891692752136
tran_dj_383520_1816_5034,19.393126665504273
tran_dj_383520_1816_5035,8.526764957264955
tran_dj_383500_1816_5022,6.08474393965812
tran_dj_383500_1816_5024,14.025514919999999
tran_dj_383500_1816_5025,5.755655735692308
tran_dj_383500_1816_5032,6.08474393965812
tran_dj_383500_1816_5034,14.025514919999999
tran_dj_383500_1816_5035,5.755655735692308
tran_dj_383515_1816_5022,6.394508547008547
tran_dj_383515_1816_5024,15.43803278837607
tran_dj_383515_1816_5025,6.089230769230769
tran_dj_383515_1816_5032,6.394508547008547
tran_dj_383515_1816_5034,15.43803278837607
tran_dj_383515_1816_5035,6.089230769230769
tran_xf_701_92590_5022,4.977008547008547
tran_xf_701_92590_5024,10.185626665504273
tran_xf_701_92590_5025,4.6857674811965815
tran_xf_701_92590_5032,4.977008547008547
tran_xf_701_92590_5034,10.185626665504273
tran_xf_701_92590_5035,4.6857674811965815
tran_dj_383490_1816_5022,4.92474393965812
tran_dj_383490_1816_5024,15.952386859384616
tran_dj_383490_1816_5025,4.01376790382906
tran_dj_383490_1816_5032,4.92474393965812
tran_dj_383490_1816_5034,15.952386859384616
tran_dj_383490_1816_5035,4.01376790382906
tran_dj_383537_1816_5022,4.900925141196581
tran_dj_383537_1816_5024,15.995
tran_dj_383537_1816_5025,5.341055765504272
tran_dj_383537_1816_5032,4.900925141196581
tran_dj_383537_1816_5034,15.995
tran_dj_383537_1816_5035,5.341055765504272
tran_dj_378660_1816_5022,6.5220085470085465
tran_dj_378660_1816_5024,17.281309021982906
tran_dj_378660_1816_5025,5.704829449470086
tran_dj_378660_1816_5032,6.5220085470085465
tran_dj_378660_1816_5034,17.281309021982906
tran_dj_378660_1816_5035,5.704829449470086
tran_dj_387986_1816_5022,5.079508547008547
tran_dj_387986_1816_5024,11.719467561538462
tran_dj_387986_1816_5025,5.402008547008547
tran_dj_387986_1816_5032,5.079508547008547
tran_dj_387986_1816_5034,11.719467561538462
tran_dj_387986_1816_5035,5.402008547008547
tran_xf_701_91095_5022,6.536508686974358
tran_xf_701_91095_5024,10.62438034188034
tran_xf_701_91095_5025,4.913425141196581
tran_xf_701_91095_5032,6.536508686974358
tran_xf_701_91095_5034,10.62438034188034
tran_xf_701_91095_5035,4.913425141196581
tran_xf_701_89614_5022,6.309969724786324
tran_xf_701_89614_5024,12.3625
tran_xf_701_89614_5025,4.818155735692308
tran_xf_701_89614_5032,6.309969724786324
tran_xf_701_89614_5034,12.3625
tran_xf_701_89614_5035,4.818155735692308
tran_xf_701_91096_5022,5.215708631897434
tran_xf_701_91096_5024,15.688444724376069
tran_xf_701_91096_5025,5.236673324136751
tran_xf_701_91096_5032,5.215708631897434
tran_xf_701_91096_5034,15.688444724376069
tran_xf_701_91096_5035,5.236673324136751
tran_dj_383549_1816_5022,5.232870981846153
tran_dj_383549_1816_5024,9.7157688808547
tran_dj_383549_1816_5025,6.106055765504273
tran_dj_383549_1816_5032,5.232870981846153
tran_dj_383549_1816_5034,9.7157688808547
tran_dj_383549_1816_5035,6.106055765504273
tran_dj_388020_1816_5022,4.758126665504273
tran_dj_388020_1816_5024,18.98909135319658
tran_dj_388020_1816_5025,4.864349867487178
tran_dj_388020_1816_5032,4.758126665504273
tran_dj_388020_1816_5034,18.98909135319658
tran_dj_388020_1816_5035,4.864349867487178
tran_dj_387953_1816_5022,5.037008547008547
tran_dj_387953_1816_5024,8.455944724376067
tran_dj_387953_1816_5025,5.946002873846154
tran_dj_387953_1816_5032,5.037008547008547
tran_dj_387953_1816_5034,8.455944724376067
tran_dj_387953_1816_5035,5.946002873846154
tran_xf_701_89759_5022,5.658555765504273
tran_xf_701_89759_5024,14.408950537504275
tran_xf_701_89759_5025,6.074721924991453
tran_xf_701_89759_5032,5.658555765504273
tran_xf_701_89759_5034,14.408950537504275
tran_xf_701_89759_5035,6.074721924991453
tran_xf_701_91434_5022,4.551297815623931
tran_xf_701_91434_5024,17.099716269128205
tran_xf_701_91434_5025,5.425026270871793
tran_xf_701_91434_5032,4.551297815623931
tran_xf_701_91434_5034,17.099716269128205
tran_xf_701_91434_5035,5.425026270871793
tran_dj_383561_1816_5022,6.607008547008547
tran_dj_383561_1816_5024,11.703444724376066
tran_dj_383561_1816_5025,5.630826325948717
tran_dj_383561_1816_5032,6.607008547008547
tran_dj_383561_1816_5034,11.703444724376066
tran_dj_383561_1816_5035,5.630826325948717
tran_dj_383545_1816_5022,4.888274134119658
tran_dj_383545_1816_5024,22.599421327350427
tran_dj_383545_1816_5025,5.3672439396581195
tran_dj_383545_1816_5032,4.888274134119658
tran_dj_383545_1816_5034,22.599421327350427
tran_dj_383545_1816_5035,5.3672439396581195
tran_dj_383553_1816_5022,4.057280301264957
tran_dj_383553_1816_5024,9.603204078461538
tran_dj_383553_1816_5025,6.175972119589742
tran_dj_383553_1816_5032,4.057280301264957
tran_dj_383553_1816_5034,9.603204078461538
tran_dj_383553_1816_5035,6.175972119589742
tran_xf_701_91749_5022,4.88820267425641
tran_xf_701_91749_5024,17.074886859384613
tran_xf_701_91749_5025,6.230767481196581
tran_xf_701_91749_5032,4.88820267425641
tran_xf_701_91749_5034,17.074886859384613
tran_xf_701_91749_5035,6.230767481196581
tran_xf_701_882499_5022,4.743043994735043
tran_xf_701_882499_5024,4.547341880341881
tran_xf_701_882499_5025,4.933530194461538
tran_xf_701_882499_5032,4.743043994735043
tran_xf_701_882499_5034,4.547341880341881
tran_xf_701_882499_5035,4.933530194461538
tran_xf_701_882499_5042,4.743043994735043
tran_xf_701_882499_5044,4.547341880341881
tran_xf_701_882499_5045,4.933530194461538
tran_xf_701_1095507_5022,4.548008547008547
tran_xf_701_1095507_5024,4.955832283589744
tran_xf_701_1095507_5025,4.548008547008547
tran_xf_701_1095508_5022,4.548008547008547
tran_xf_701_1095508_5024,4.6470085470085465
tran_xf_701_1095508_5025,4.548008547008547
tran_xf_701_1095511_5022,4.548008547008547
tran_xf_701_1095511_5024,4.548008547008547
tran_xf_701_1095511_5025,4.548008547008547
tran_xf_701_1095513_5022,4.548008547008547
tran_xf_701_1095513_5024,4.548008547008547
tran_xf_701_1095513_5025,4.548008547008547
tran_xf_701_1095514_5022,4.548008547008547
tran_xf_701_1095514_5024,4.6470085470085465
tran_xf_701_1095514_5025,4.548008547008547
tran_dj_367162_1816_5022,4.547341880341881
tran_dj_367162_1816_5024,4.547341880341881
tran_dj_367162_1816_5025,4.547341880341881
tran_dj_367162_1816_5032,4.547341880341881
tran_dj_367162_1816_5034,4.547341880341881
tran_dj_367162_1816_5035,4.547341880341881
tran_dj_367162_1816_5042,4.547341880341881
tran_dj_367162_1816_5044,4.547341880341881
tran_dj_367162_1816_5045,4.547341880341881
tran_dj_373275_1816_5022,5.762269160786325
tran_dj_373275_1816_5024,27.23153986119658
tran_dj_373275_1816_5025,6.669467561538461
tran_dj_367164_1816_5022,4.547341880341881
tran_dj_367164_1816_5024,4.547341880341881
tran_dj_367164_1816_5025,4.547341880341881
tran_dj_367164_1816_5032,4.547341880341881
tran_dj_367164_1816_5034,4.547341880341881
tran_dj_367164_1816_5035,4.547341880341881
tran_dj_367164_1816_5042,4.547341880341881
tran_dj_367164_1816_5044,4.547341880341881
tran_dj_367164_1816_5045,4.547341880341881
tran_dj_373226_1816_5022,5.958803418803418
tran_dj_373226_1816_5024,28.599305732786327
tran_dj_373226_1816_5025,7.5603145597264945
tran_dj_373431_1816_5022,4.973444724376068
tran_dj_373431_1816_5024,24.21153986119658
tran_dj_373431_1816_5025,10.020655735692308
tran_dj_373255_1816_5022,6.375
tran_dj_373255_1816_5024,14.155504413470085
tran_dj_373255_1816_5025,4.563526690769231
tran_dj_373378_1816_5022,6.907597030905983
tran_dj_373378_1816_5024,19.95226916078632
tran_dj_373378_1816_5025,7.93025571042735
tran_dj_367189_1816_5022,4.548008547008547
tran_dj_367189_1816_5024,10.044349867487178
tran_dj_367189_1816_5025,4.548008547008547
tran_dj_367161_1816_5022,4.547508547008547
tran_dj_367161_1816_5024,5.203879850837606
tran_dj_367161_1816_5025,4.547508547008547
tran_dj_367161_1816_5032,4.547508547008547
tran_dj_367161_1816_5034,5.203879850837606
tran_dj_367161_1816_5035,4.547508547008547
tran_dj_367180_1816_5022,4.547341880341881
tran_dj_367180_1816_5024,15.332598290598288
tran_dj_367180_1816_5025,4.547341880341881
tran_dj_367180_1816_5032,4.547341880341881
tran_dj_367180_1816_5034,15.332598290598288
tran_dj_367180_1816_5035,4.547341880341881
tran_dj_367180_1816_5042,4.547341880341881
tran_dj_367180_1816_5044,15.332598290598288
tran_dj_367180_1816_5045,4.547341880341881
tran_dj_373436_1816_5022,5.539780301264957
tran_dj_373436_1816_5024,20.385611600991453
tran_dj_373436_1816_5025,5.751561578632478
tran_dj_373324_1816_5022,6.083126665504274
tran_dj_373324_1816_5024,17.080504413470088
tran_dj_373324_1816_5025,6.507526270871793
tran_dj_373348_1816_5022,7.155196861128205
tran_dj_373348_1816_5024,28.252763067726494
tran_dj_373348_1816_5025,5.722210916649573
tran_dj_373357_1816_5022,7.887763067726496
tran_dj_373357_1816_5024,20.804716269128207
tran_dj_373357_1816_5025,8.068738266495725
tran_dj_373282_1816_5022,4.875560867008547
tran_dj_373282_1816_5024,35.79263415822222
tran_dj_373282_1816_5025,7.674138291760682
tran_dj_373399_1816_5022,6.221055765504273
tran_dj_373399_1816_5024,20.156635142529915
tran_dj_373399_1816_5025,6.755
tran_dj_373312_1816_5022,5.389019967726496
tran_dj_373312_1816_5024,19.698291298119653
tran_dj_373312_1816_5025,5.8243708789401705
tran_xf_701_91322_5022,4.547341880341881
tran_xf_701_91322_5024,34.89582457637606
tran_xf_701_91322_5025,4.547341880341881
tran_xf_701_91322_5032,4.547341880341881
tran_xf_701_91322_5034,34.89582457637606
tran_xf_701_91322_5035,4.547341880341881
tran_xf_701_91322_5042,4.547341880341881
tran_xf_701_91322_5044,34.89582457637606
tran_xf_701_91322_5045,4.547341880341881
tran_xf_701_42733_5022,6.109508547008547
tran_xf_701_42733_5024,5.403760683760683
tran_xf_701_42733_5025,6.229467561538461
tran_xf_701_42733_5032,6.109508547008547
tran_xf_701_42733_5034,5.403760683760683
tran_xf_701_42733_5035,6.229467561538461
tran_xf_701_882498_5022,4.7408297393846155
tran_xf_701_882498_5024,4.547341880341881
tran_xf_701_882498_5025,5.327008547008547
tran_xf_701_882498_5032,4.7408297393846155
tran_xf_701_882498_5034,4.547341880341881
tran_xf_701_882498_5035,5.327008547008547
tran_xf_701_882498_5042,4.7408297393846155
tran_xf_701_882498_5044,4.547341880341881
tran_xf_701_882498_5045,5.327008547008547
tran_bp_701_1787709_5022,4.547341880341881
tran_bp_701_1787709_5024,4.547341880341881
tran_bp_701_1787709_5025,4.547341880341881
tran_bp_701_1787709_5032,4.547341880341881
tran_bp_701_1787709_5034,4.547341880341881
tran_bp_701_1787709_5035,4.547341880341881
tran_bp_701_1787709_5042,4.547341880341881
tran_bp_701_1787709_5044,4.547341880341881
tran_bp_701_1787709_5045,4.547341880341881
tran_xf_701_1095510_5022,4.547341880341881
tran_xf_701_1095510_5024,4.547341880341881
tran_xf_701_1095510_5025,4.547341880341881
tran_xf_701_1095510_5032,4.547341880341881
tran_xf_701_1095510_5034,4.547341880341881
tran_xf_701_1095510_5035,4.547341880341881
tran_xf_701_1095510_5042,4.547341880341881
tran_xf_701_1095510_5044,4.547341880341881
tran_xf_701_1095510_5045,4.547341880341881
tran_xf_701_1095512_5022,4.547341880341881
tran_xf_701_1095512_5024,4.747008547008547
tran_xf_701_1095512_5025,4.547341880341881
tran_xf_701_1095512_5032,4.547341880341881
tran_xf_701_1095512_5034,4.747008547008547
tran_xf_701_1095512_5035,4.547341880341881
tran_xf_701_1095512_5042,4.547341880341881
tran_xf_701_1095512_5044,4.747008547008547
tran_xf_701_1095512_5045,4.547341880341881
tran_bp_701_77073_5022,4.547341880341881
tran_bp_701_77073_5024,4.547341880341881
tran_bp_701_77073_5025,4.547341880341881
tran_bp_701_77073_5032,4.547341880341881
tran_bp_701_77073_5034,4.547341880341881
tran_bp_701_77073_5035,4.547341880341881
tran_bp_701_77073_5042,4.547341880341881
tran_bp_701_77073_5044,4.547341880341881
tran_bp_701_77073_5045,4.547341880341881
tran_dj_373805_1816_5022,5.233477434632478
tran_dj_373805_1816_5024,25.06753818160684
tran_dj_373805_1816_5025,9.224264957264957
tran_dj_362191_1816_5022,8.337832423555556
tran_dj_362191_1816_5024,25.71844472437607
tran_dj_362191_1816_5025,7.1697029541880335
tran_dj_357491_1816_5022,6.419091353196581
tran_dj_357491_1816_5024,18.941635142529915
tran_dj_357491_1816_5025,7.769654469059828
tran_dj_357464_1816_5022,4.548008547008547
tran_dj_357464_1816_5024,21.9
tran_dj_357464_1816_5025,4.548008547008547
tran_dj_357447_1816_5022,8.932376427863247
tran_dj_357447_1816_5024,34.635
tran_dj_357447_1816_5025,4.566127225367522
tran_dj_357451_1816_5022,4.548008547008547
tran_dj_357451_1816_5024,85.78
tran_dj_357451_1816_5025,5.9634447243760675
tran_dj_362254_1816_5022,4.436055765504273
tran_dj_362254_1816_5024,10.194974778871794
tran_dj_362254_1816_5025,5.0620085470085465
tran_dj_362254_1816_5032,4.436055765504273
tran_dj_362254_1816_5034,10.194974778871794
tran_dj_362254_1816_5035,5.0620085470085465
tran_dj_367344_1816_5022,7.3384447243760675
tran_dj_367344_1816_5024,12.73
tran_dj_367344_1816_5025,7.7660207376752135
tran_dj_362243_1816_5022,5.030520398051282
tran_dj_362243_1816_5024,17.483517583897438
tran_dj_362243_1816_5025,7.228267481196581
tran_dj_362154_1816_5022,9.834674054017094
tran_dj_362154_1816_5024,13.687393162393164
tran_dj_362154_1816_5025,6.592008547008547
tran_dj_362154_1816_5032,9.834674054017094
tran_dj_362154_1816_5034,13.687393162393164
tran_dj_362154_1816_5035,6.592008547008547
tran_dj_362154_1816_5042,9.834674054017094
tran_dj_362154_1816_5044,13.687393162393164
tran_dj_362154_1816_5045,6.592008547008547
tran_dj_383643_1816_5022,4.987314699692308
tran_dj_383643_1816_5024,12.812009246837608
tran_dj_383643_1816_5025,7.4982674811965815
tran_dj_367243_1816_5022,7.172714724957265
tran_dj_367243_1816_5024,14.502269160786325
tran_dj_367243_1816_5025,6.246338096717949
tran_dj_383631_1816_5022,4.992008547008547
tran_dj_383631_1816_5024,18.945
tran_dj_383631_1816_5025,5.127008547008547
tran_dj_357563_1816_5022,8.214173324136752
tran_dj_357563_1816_5024,35.59
tran_dj_357563_1816_5025,8.275076923076922
tran_dj_373472_1816_5022,6.333966144205127
tran_dj_373472_1816_5024,18.365
tran_dj_373472_1816_5025,4.792597730735042
tran_dj_362287_1816_5022,5.278032788376068
tran_dj_362287_1816_5024,17.80565573569231
tran_dj_362287_1816_5025,5.272926300683761
tran_dj_373719_1816_5022,7.117526270871794
tran_dj_373719_1816_5024,11.932563402735042
tran_dj_373719_1816_5025,6.236079586974359
tran_dj_357519_1816_5022,5.445632478632478
tran_dj_357519_1816_5024,45.097269160786325
tran_dj_357519_1816_5025,9.443961748410256
tran_dj_367343_1816_5022,4.206338096717949
tran_dj_367343_1816_5024,19.828126665504275
tran_dj_367343_1816_5025,12.170255710427348
tran_dj_357475_1816_5022,7.393526690769231
tran_dj_357475_1816_5024,45.85889169275214
tran_dj_357475_1816_5025,5.308425120854701
tran_dj_388043_1816_5022,6.692210916649573
tran_dj_388043_1816_5024,27.801175563589744
tran_dj_388043_1816_5025,7.333208631897435
tran_dj_353134_1816_5022,4.548008547008547
tran_dj_353134_1816_5024,40.165611600991454
tran_dj_353134_1816_5025,6.328444724376068
tran_dj_362265_1816_5022,5.188950537504273
tran_dj_362265_1816_5024,29.36551492
tran_dj_362265_1816_5025,4.757008547008547
tran_dj_367326_1816_5022,7.747531818769231
tran_dj_367326_1816_5024,15.447208911829058
tran_dj_367326_1816_5025,5.337210916649573
tran_dj_367491_1816_5022,37.956624631452996
tran_dj_367491_1816_5024,4.56034188034188
tran_dj_367491_1816_5025,4.547341880341881
tran_dj_367491_1816_5032,37.956624631452996
tran_dj_367491_1816_5034,4.56034188034188
tran_dj_367491_1816_5035,4.547341880341881
tran_dj_367491_1816_5042,37.956624631452996
tran_dj_367491_1816_5044,4.56034188034188
tran_dj_367491_1816_5045,4.547341880341881
tran_dj_353122_1816_5022,7.439573349401709
tran_dj_353122_1816_5024,36.025
tran_dj_353122_1816_5025,5.78
tran_dj_357532_1816_5022,8.82917332413675
tran_dj_357532_1816_5024,51.22
tran_dj_357532_1816_5025,8.25203745825641
tran_dj_367605_1816_5022,6.398844054358975
tran_dj_367605_1816_5024,30.678879782017095
tran_dj_367605_1816_5025,9.280844194324786
tran_dj_378710_1816_5022,5.295236092478631
tran_dj_378710_1816_5024,15.13987319452991
tran_dj_378710_1816_5025,4.572187064717949
tran_dj_378710_1816_5032,5.295236092478631
tran_dj_378710_1816_5034,15.13987319452991
tran_dj_378710_1816_5035,4.572187064717949
tran_dj_378710_1816_5042,5.295236092478631
tran_dj_378710_1816_5044,15.13987319452991
tran_dj_378710_1816_5045,4.572187064717949
tran_dj_357493_1816_5022,5.259147861128205
tran_dj_357493_1816_5024,23.046293262188033
tran_dj_357493_1816_5025,8.475655735692307
tran_dj_373742_1816_5022,42.9519273219829
tran_dj_373742_1816_5024,4.567008547008547
tran_dj_373742_1816_5025,4.548008547008547
tran_dj_367577_1816_5022,7.478809021982904
tran_dj_367577_1816_5024,13.811539861196577
tran_dj_367577_1816_5025,6.748291298119658
tran_dj_367285_1816_5022,7.519349867487178
tran_dj_367285_1816_5024,20.470844194324783
tran_dj_367285_1816_5025,6.21915078225641
tran_dj_357546_1816_5022,4.548008547008547
tran_dj_357546_1816_5024,43.758341040547016
tran_dj_357546_1816_5025,8.482300395658118
tran_dj_353192_1816_5022,8.424163072717949
tran_dj_353192_1816_5024,10.837314699692307
tran_dj_353192_1816_5025,8.33126790382906
tran_dj_362216_1816_5022,11.219428330188034
tran_dj_362216_1816_5024,20.58280089487179
tran_dj_362216_1816_5025,4.30419293753846
tran_dj_362216_1816_5032,11.219428330188034
tran_dj_362216_1816_5034,20.58280089487179
tran_dj_362216_1816_5035,4.30419293753846
tran_dj_362216_1816_5042,11.219428330188034
tran_dj_362216_1816_5044,20.58280089487179
tran_dj_362216_1816_5045,4.30419293753846
tran_dj_378711_1816_5022,5.492788988683761
tran_dj_378711_1816_5024,4.9336752136752136
tran_dj_378711_1816_5025,4.81278898868376
tran_dj_378711_1816_5032,5.492788988683761
tran_dj_378711_1816_5034,4.9336752136752136
tran_dj_378711_1816_5035,4.81278898868376
tran_dj_378711_1816_5042,5.492788988683761
tran_dj_378711_1816_5044,4.9336752136752136
tran_dj_378711_1816_5045,4.81278898868376
tran_dj_373616_1816_5022,4.917314699692308
tran_dj_373616_1816_5024,16.415
tran_dj_373616_1816_5025,7.200726495726495
tran_dj_367339_1816_5022,5.123353590974359
tran_dj_367339_1816_5024,22.21688034188034
tran_dj_367339_1816_5025,8.194820652786325
tran_dj_367478_1816_5022,7.822008547008547
tran_dj_367478_1816_5024,22.235
tran_dj_367478_1816_5025,4.12484447425641
tran_dj_357534_1816_5022,8.153126665504272
tran_dj_357534_1816_5024,71.04
tran_dj_357534_1816_5025,8.229019967726495
tran_dj_373752_1816_5022,40.0
tran_dj_373752_1816_5024,15.847763067726495
tran_dj_373752_1816_5025,7.147314699692307
tran_dj_373825_1816_5022,10.810327870119659
tran_dj_373825_1816_5024,19.469091353196575
tran_dj_373825_1816_5025,8.894173324136752
tran_dj_353158_1816_5022,4.548008547008547
tran_dj_353158_1816_5024,18.633032788376067
tran_dj_353158_1816_5025,4.615291438085469
tran_dj_362219_1816_5022,7.8310557655042725
tran_dj_362219_1816_5024,40.88
tran_dj_362219_1816_5025,6.008132421777778
tran_dj_348680_1816_5022,4.5620085470085465
tran_dj_348680_1816_5024,40.405
tran_dj_348680_1816_5025,7.855655735692308
tran_dj_367537_1816_5022,5.677008547008547
tran_dj_367537_1816_5024,22.032269160786324
tran_dj_367537_1816_5025,7.182714724957265
tran_dj_348687_1816_5022,7.207208911829059
tran_dj_348687_1816_5024,26.785
tran_dj_348687_1816_5025,8.072020457743589
tran_dj_353142_1816_5022,3.2362679038290603
tran_dj_353142_1816_5024,14.11826748119658
tran_dj_353142_1816_5025,9.205947148478632
tran_dj_373750_1816_5022,8.39438139162393
tran_dj_373750_1816_5024,4.558675213675214
tran_dj_373750_1816_5025,5.547369340923077
tran_dj_373750_1816_5032,8.39438139162393
tran_dj_373750_1816_5034,4.558675213675214
tran_dj_373750_1816_5035,5.547369340923077
tran_dj_373750_1816_5042,8.39438139162393
tran_dj_373750_1816_5044,4.558675213675214
tran_dj_373750_1816_5045,5.547369340923077
tran_dj_362214_1816_5022,4.8252094716923075
tran_dj_362214_1816_5024,15.369421327350427
tran_dj_362214_1816_5025,6.406538461538461
tran_dj_353138_1816_5022,9.051096401059826
tran_dj_353138_1816_5024,4.553675213675214
tran_dj_353138_1816_5025,11.520341880341881
tran_dj_353138_1816_5032,9.051096401059826
tran_dj_353138_1816_5034,4.553675213675214
tran_dj_353138_1816_5035,11.520341880341881
tran_dj_353138_1816_5042,9.051096401059826
tran_dj_353138_1816_5044,4.553675213675214
tran_dj_353138_1816_5045,11.520341880341881
tran_dj_353212_1816_5022,47.8207264957265
tran_dj_353212_1816_5024,4.547341880341881
tran_dj_353212_1816_5025,4.547341880341881
tran_dj_353212_1816_5032,47.8207264957265
tran_dj_353212_1816_5034,4.547341880341881
tran_dj_353212_1816_5035,4.547341880341881
tran_dj_353212_1816_5042,47.8207264957265
tran_dj_353212_1816_5044,4.547341880341881
tran_dj_353212_1816_5045,4.547341880341881
tran_dj_353102_1816_5022,5.567208911829059
tran_dj_353102_1816_5024,30.801635142529914
tran_dj_353102_1816_5025,4.548008547008547
tran_dj_357503_1816_5022,8.055655735692307
tran_dj_357503_1816_5024,16.11
tran_dj_357503_1816_5025,7.397538181606837
tran_dj_357432_1816_5022,6.602220822564102
tran_dj_357432_1816_5024,40.145
tran_dj_357432_1816_5025,3.6449779833162395
tran_dj_353099_1816_5022,4.85517759859829
tran_dj_353099_1816_5024,29.44
tran_dj_353099_1816_5025,4.577008547008547
tran_dj_383647_1816_5022,4.822008547008547
tran_dj_383647_1816_5024,4.577008547008547
tran_dj_383647_1816_5025,5.857008547008547
tran_dj_353166_1816_5022,7.522479332307691
tran_dj_353166_1816_5024,51.165
tran_dj_353166_1816_5025,4.644455655350427
tran_dj_367266_1816_5022,6.358705956615385
tran_dj_367266_1816_5024,22.09
tran_dj_367266_1816_5025,6.853220542632478
tran_dj_373677_1816_5022,4.669773714222222
tran_dj_373677_1816_5024,20.279716269128205
tran_dj_373677_1816_5025,5.683043994735042
tran_dj_367504_1816_5022,7.650834791076923
tran_dj_367504_1816_5024,17.869999999999994
tran_dj_367504_1816_5025,9.617009246837606
tran_dj_348677_1816_5022,7.359702954188034
tran_dj_348677_1816_5024,45.28
tran_dj_348677_1816_5025,4.548008547008547
tran_dj_373615_1816_5022,8.400196861128205
tran_dj_373615_1816_5024,25.5488797820171
tran_dj_373615_1816_5025,6.691902759145298
tran_dj_373693_1816_5022,5.292997056170939
tran_dj_373693_1816_5024,26.83696230827351
tran_dj_373693_1816_5025,7.1990086869743575
tran_dj_357504_1816_5022,6.173705956615384
tran_dj_357504_1816_5024,17.98153986119658
tran_dj_357504_1816_5025,9.537008547008547
tran_dj_357466_1816_5022,7.717008547008547
tran_dj_357466_1816_5024,35.004999999999995
tran_dj_357466_1816_5025,7.971055765504273
tran_dj_362162_1816_5022,7.6763500074529905
tran_dj_362162_1816_5024,48.0997162691282
tran_dj_362162_1816_5025,8.352326552547009
tran_dj_362203_1816_5022,11.9186247714188
tran_dj_362203_1816_5024,4.56034188034188
tran_dj_362203_1816_5025,4.547341880341881
tran_dj_362203_1816_5032,11.9186247714188
tran_dj_362203_1816_5034,4.56034188034188
tran_dj_362203_1816_5035,4.547341880341881
tran_dj_362203_1816_5042,11.9186247714188
tran_dj_362203_1816_5044,4.56034188034188
tran_dj_362203_1816_5045,4.547341880341881
tran_dj_388060_1816_5022,8.498303976239315
tran_dj_388060_1816_5024,18.65826748119658
tran_dj_388060_1816_5025,7.273844054358975
tran_dj_357647_1816_5022,20.9302872345641
tran_dj_357647_1816_5024,4.553675213675214
tran_dj_357647_1816_5025,4.547341880341881
tran_dj_357647_1816_5032,20.9302872345641
tran_dj_357647_1816_5034,4.553675213675214
tran_dj_357647_1816_5035,4.547341880341881
tran_dj_357647_1816_5042,20.9302872345641
tran_dj_357647_1816_5044,4.553675213675214
tran_dj_357647_1816_5045,4.547341880341881
tran_dj_373467_1816_5022,5.274349867487178
tran_dj_373467_1816_5024,11.963444724376068
tran_dj_373467_1816_5025,8.31834130051282
tran_dj_353174_1816_5022,5.699421327350427
tran_dj_353174_1816_5024,25.51
tran_dj_353174_1816_5025,8.832950117606837
tran_dj_362181_1816_5022,3.91126790382906
tran_dj_362181_1816_5024,24.687611740957266
tran_dj_362181_1816_5025,8.511055765504274
tran_dj_367424_1816_5022,4.515418803418804
tran_dj_367424_1816_5024,24.138610061367523
tran_dj_367424_1816_5025,5.467997056170939
tran_dj_373749_1816_5022,11.63655387596581
tran_dj_373749_1816_5024,4.5603418803418805
tran_dj_373749_1816_5025,4.547341880341881
tran_dj_373749_1816_5032,11.63655387596581
tran_dj_373749_1816_5034,4.5603418803418805
tran_dj_373749_1816_5035,4.547341880341881
tran_dj_373749_1816_5042,11.63655387596581
tran_dj_373749_1816_5044,4.5603418803418805
tran_dj_373749_1816_5045,4.547341880341881
tran_dj_362137_1816_5022,7.798809021982905
tran_dj_362137_1816_5024,35.845
tran_dj_362137_1816_5025,5.3970085470085465
tran_xf_701_44414_5022,8.306666666666665
tran_xf_701_44414_5024,4.553675213675214
tran_xf_701_44414_5025,4.547341880341881
tran_xf_701_44414_5032,8.306666666666665
tran_xf_701_44414_5034,4.553675213675214
tran_xf_701_44414_5035,4.547341880341881
tran_xf_701_44414_5042,8.306666666666665
tran_xf_701_44414_5044,4.553675213675214
tran_xf_701_44414_5045,4.547341880341881
tran_dj_373581_1816_5022,5.978995055452991
tran_dj_373581_1816_5024,23.29
tran_dj_373581_1816_5025,9.69
tran_dj_357489_1816_5022,8.216055765504272
tran_dj_357489_1816_5024,40.071635142529914
tran_dj_357489_1816_5025,8.194264957264956
tran_dj_367435_1816_5022,6.215596890940171
tran_dj_367435_1816_5024,17.77
tran_dj_367435_1816_5025,5.612761663521367
tran_dj_373510_1816_5022,6.489150782256409
tran_dj_373510_1816_5024,24.801033348239315
tran_dj_373510_1816_5025,5.746632338666667
tran_dj_357430_1816_5022,7.832268734598291
tran_dj_357430_1816_5024,29.386635142529915
tran_dj_357430_1816_5025,5.613372802529914
tran_dj_373583_1816_5022,8.222210916649573
tran_dj_373583_1816_5024,16.564716269128205
tran_dj_373583_1816_5025,6.624350567316238
tran_dj_348665_1816_5022,4.567008547008546
tran_dj_348665_1816_5024,63.65334104054701
tran_dj_348665_1816_5025,8.518267481196581
tran_dj_367572_1816_5022,5.064008686974358
tran_dj_367572_1816_5024,22.613126665504275
tran_dj_367572_1816_5025,6.03525571042735
tran_dj_362189_1816_5022,4.980361498290598
tran_dj_362189_1816_5024,16.04326748119658
tran_dj_362189_1816_5025,4.548008547008547
tran_dj_367601_1816_5022,9.996055765504273
tran_dj_367601_1816_5024,23.502269160786323
tran_dj_367601_1816_5025,8.385655735692307
tran_dj_353196_1816_5022,52.501048058290586
tran_dj_353196_1816_5024,4.560341880341882
tran_dj_353196_1816_5025,4.547341880341881
tran_dj_353196_1816_5032,52.501048058290586
tran_dj_353196_1816_5034,4.560341880341882
tran_dj_353196_1816_5035,4.547341880341881
tran_dj_353196_1816_5042,52.501048058290586
tran_dj_353196_1816_5044,4.560341880341882
tran_dj_353196_1816_5045,4.547341880341881
tran_dj_388082_1816_5022,4.587008547008547
tran_dj_388082_1816_5024,22.323328429982904
tran_dj_388082_1816_5025,6.803126665504273
tran_dj_373845_1816_5022,4.6332688808547005
tran_dj_373845_1816_5024,33.38430573278632
tran_dj_373845_1816_5025,5.8216643845811955
tran_dj_357514_1816_5022,7.854349867487178
tran_dj_357514_1816_5024,32.7
tran_dj_357514_1816_5025,7.225520398051282
tran_dj_357649_1816_5022,20.527714724957267
tran_dj_357649_1816_5024,4.56034188034188
tran_dj_357649_1816_5025,4.547341880341881
tran_dj_357649_1816_5032,20.527714724957267
tran_dj_357649_1816_5034,4.56034188034188
tran_dj_357649_1816_5035,4.547341880341881
tran_dj_357649_1816_5042,20.527714724957267
tran_dj_357649_1816_5044,4.56034188034188
tran_dj_357649_1816_5045,4.547341880341881
tran_dj_392438_1816_5022,6.87503222851282
tran_dj_392438_1816_5024,32.783950537504275
tran_dj_392438_1816_5025,9.213879850837607
tran_dj_353168_1816_5022,6.735996916205128
tran_dj_353168_1816_5024,46.065
tran_dj_353168_1816_5025,8.685196861128205
tran_dj_373766_1816_5022,5.830631892752136
tran_dj_373766_1816_5024,29.41688034188034
tran_dj_373766_1816_5025,6.988208631897434
tran_dj_353110_1816_5022,6.962303488786325
tran_dj_353110_1816_5024,48.31663514252992
tran_dj_353110_1816_5025,7.692008547008546
tran_dj_373565_1816_5022,7.343267481196581
tran_dj_373565_1816_5024,27.01570407846154
tran_dj_373565_1816_5025,4.555
tran_dj_362301_1816_5022,7.521538461538461
tran_dj_362301_1816_5024,17.503879782017094
tran_dj_362301_1816_5025,7.331104103726496
tran_dj_392451_1816_5022,5.239814699692308
tran_dj_392451_1816_5024,11.046079586974358
tran_dj_392451_1816_5025,6.352008547008547
tran_dj_392451_1816_5032,5.239814699692308
tran_dj_392451_1816_5034,11.046079586974358
tran_dj_392451_1816_5035,6.352008547008547
tran_dj_367235_1816_5022,6.952269160786324
tran_dj_367235_1816_5024,17.41442132735043
tran_dj_367235_1816_5025,9.135291438085469
tran_dj_362153_1816_5022,4.927008547008547
tran_dj_362153_1816_5024,15.81417612345299
tran_dj_362153_1816_5025,15.421055765504272
tran_dj_373709_1816_5022,5.978726355760684
tran_dj_373709_1816_5024,7.722008547008547
tran_dj_373709_1816_5025,4.734508547008547
tran_dj_373709_1816_5032,5.978726355760684
tran_dj_373709_1816_5034,7.722008547008547
tran_dj_373709_1816_5035,4.734508547008547
tran_dj_383646_1816_5022,17.492210916649572
tran_dj_383646_1816_5024,4.553675213675214
tran_dj_383646_1816_5025,4.547341880341881
tran_dj_383646_1816_5032,17.492210916649572
tran_dj_383646_1816_5034,4.553675213675214
tran_dj_383646_1816_5035,4.547341880341881
tran_dj_383646_1816_5042,17.492210916649572
tran_dj_383646_1816_5044,4.553675213675214
tran_dj_383646_1816_5045,4.547341880341881
tran_dj_373807_1816_5022,5.977245608786324
tran_dj_373807_1816_5024,18.695000000000004
tran_dj_373807_1816_5025,6.257786184820512
tran_dj_353123_1816_5022,5.946880341880341
tran_dj_353123_1816_5024,15.7
tran_dj_353123_1816_5025,8.403472119589743
tran_dj_373654_1816_5022,5.146973519179487
tran_dj_373654_1816_5024,20.64344472437607
tran_dj_373654_1816_5025,5.988267481196581
tran_dj_362349_1816_5022,5.560608797128205
tran_dj_362349_1816_5024,19.063891692752136
tran_dj_362349_1816_5025,11.621526550803418
tran_dj_357429_1816_5022,6.602314699692307
tran_dj_357429_1816_5024,25.86653846153846
tran_dj_357429_1816_5025,7.368444724376069
tran_dj_362178_1816_5022,7.035196861128204
tran_dj_362178_1816_5024,10.89564803302564
tran_dj_362178_1816_5025,6.181193077504274
tran_dj_362178_1816_5032,7.035196861128204
tran_dj_362178_1816_5034,10.89564803302564
tran_dj_362178_1816_5035,6.181193077504274
tran_dj_362178_1816_5042,7.035196861128204
tran_dj_362178_1816_5044,10.89564803302564
tran_dj_362178_1816_5045,6.181193077504274
tran_dj_367363_1816_5022,9.736538461538462
tran_dj_367363_1816_5024,25.361539861196587
tran_dj_367363_1816_5025,5.848964552273504
tran_dj_388021_1816_5022,5.665655735692307
tran_dj_388021_1816_5024,44.1
tran_dj_388021_1816_5025,4.942008547008546
tran_dj_353193_1816_5022,7.6994675615384605
tran_dj_353193_1816_5024,38.17
tran_dj_353193_1816_5025,7.50849096311111
tran_dj_367378_1816_5022,8.323890988376068
tran_dj_367378_1816_5024,12.330196861128204
tran_dj_367378_1816_5025,4.8984969162051275
tran_dj_367378_1816_5032,8.323890988376068
tran_dj_367378_1816_5034,12.330196861128204
tran_dj_367378_1816_5035,4.8984969162051275
tran_dj_357458_1816_5022,4.567008547008546
tran_dj_357458_1816_5024,23.422611740957265
tran_dj_357458_1816_5025,7.981032648410256
tran_dj_357496_1816_5022,6.146635419042735
tran_dj_357496_1816_5024,39.71
tran_dj_357496_1816_5025,7.428126665504273
tran_dj_367530_1816_5022,9.334267901094018
tran_dj_367530_1816_5024,7.901444073333334
tran_dj_367530_1816_5025,8.813472119589743
tran_dj_362150_1816_5022,4.567008547008546
tran_dj_362150_1816_5024,52.5
tran_dj_362150_1816_5025,7.7086205678974355
tran_dj_367397_1816_5022,5.245708631897434
tran_dj_367397_1816_5024,13.163126665504272
tran_dj_367397_1816_5025,3.855977434632478
tran_dj_367397_1816_5032,5.245708631897434
tran_dj_367397_1816_5034,13.163126665504272
tran_dj_367397_1816_5035,3.855977434632478
tran_dj_387962_1816_5022,4.989508547008547
tran_dj_387962_1816_5024,14.770655735692308
tran_dj_387962_1816_5025,5.052576923076923
tran_dj_387962_1816_5032,4.989508547008547
tran_dj_387962_1816_5034,14.770655735692308
tran_dj_387962_1816_5035,5.052576923076923
tran_dj_367606_1816_5022,7.488472119589742
tran_dj_367606_1816_5024,11.833291298119656
tran_dj_367606_1816_5025,5.285348302632479
tran_dj_373748_1816_5022,5.18840549302564
tran_dj_373748_1816_5024,4.56034188034188
tran_dj_373748_1816_5025,4.547341880341881
tran_dj_373748_1816_5032,5.18840549302564
tran_dj_373748_1816_5034,4.56034188034188
tran_dj_373748_1816_5035,4.547341880341881
tran_dj_373748_1816_5042,5.18840549302564
tran_dj_373748_1816_5044,4.56034188034188
tran_dj_373748_1816_5045,4.547341880341881
tran_dj_378712_1816_5022,5.452761663521367
tran_dj_378712_1816_5024,22.290966791726493
tran_dj_378712_1816_5025,4.6070085470085465
tran_dj_378712_1816_5032,5.452761663521367
tran_dj_378712_1816_5034,22.290966791726493
tran_dj_378712_1816_5035,4.6070085470085465
tran_dj_378712_1816_5042,5.452761663521367
tran_dj_378712_1816_5044,22.290966791726493
tran_dj_378712_1816_5045,4.6070085470085465
tran_dj_357544_1816_5022,5.938760683760683
tran_dj_357544_1816_5024,35.870000000000005
tran_dj_357544_1816_5025,8.49446756153846
tran_dj_367356_1816_5022,7.11
tran_dj_367356_1816_5024,21.064716269128205
tran_dj_367356_1816_5025,6.776962308273504
tran_dj_397163_1816_5022,5.841730769230769
tran_dj_397163_1816_5024,14.01970891182906
tran_dj_397163_1816_5025,5.150853590974359
tran_dj_397163_1816_5032,5.841730769230769
tran_dj_397163_1816_5034,14.01970891182906
tran_dj_397163_1816_5035,5.150853590974359
tran_dj_362115_1816_5022,4.547508547008547
tran_dj_362115_1816_5024,4.547508547008547
tran_dj_362115_1816_5025,4.547508547008547
tran_dj_362115_1816_5032,4.547508547008547
tran_dj_362115_1816_5034,4.547508547008547
tran_dj_362115_1816_5035,4.547508547008547
tran_xf_701_46153_5022,4.40376790382906
tran_xf_701_46153_5024,18.721635142529912
tran_xf_701_46153_5025,4.828472119589743
tran_xf_701_46153_5032,4.40376790382906
tran_xf_701_46153_5034,18.721635142529912
tran_xf_701_46153_5035,4.828472119589743
tran_dj_367311_1816_5022,3.732314699692308
tran_dj_367311_1816_5024,13.43
tran_dj_367311_1816_5025,6.5519245721709405
tran_xf_701_47048_5022,4.767008547008547
tran_xf_701_47048_5024,25.250626665504274
tran_xf_701_47048_5025,8.505925141196581
tran_xf_701_47048_5032,4.767008547008547
tran_xf_701_47048_5034,25.250626665504274
tran_xf_701_47048_5035,8.505925141196581
tran_dj_388104_1816_5022,4.8207026742564105
tran_dj_388104_1816_5024,7.892633458393162
tran_dj_388104_1816_5025,4.319135419042735
tran_dj_388104_1816_5032,4.8207026742564105
tran_dj_388104_1816_5034,7.892633458393162
tran_dj_388104_1816_5035,4.319135419042735
tran_xf_701_41673_5022,4.547508547008547
tran_xf_701_41673_5024,4.547508547008547
tran_xf_701_41673_5025,4.547508547008547
tran_xf_701_41673_5032,4.547508547008547
tran_xf_701_41673_5034,4.547508547008547
tran_xf_701_41673_5035,4.547508547008547
tran_xf_701_46031_5022,4.547508547008547
tran_xf_701_46031_5024,4.547508547008547
tran_xf_701_46031_5025,4.547508547008547
tran_xf_701_46031_5032,4.547508547008547
tran_xf_701_46031_5034,4.547508547008547
tran_xf_701_46031_5035,4.547508547008547
tran_xf_701_45864_5022,7.844943567897436
tran_xf_701_45864_5024,7.830370981846153
tran_xf_701_45864_5025,4.575056045435897
tran_xf_701_45864_5032,7.844943567897436
tran_xf_701_45864_5034,7.830370981846153
tran_xf_701_45864_5035,4.575056045435897
tran_dj_362331_1816_5022,5.420196861128205
tran_dj_362331_1816_5024,19.18776306772649
tran_dj_362331_1816_5025,8.089654469059829
tran_dj_362179_1816_5022,21.31533837664957
tran_dj_362179_1816_5024,6.1803418803418815
tran_dj_362179_1816_5025,16.858993219213673
tran_dj_362179_1816_5032,21.31533837664957
tran_dj_362179_1816_5034,6.1803418803418815
tran_dj_362179_1816_5035,16.858993219213673
tran_dj_362179_1816_5042,21.31533837664957
tran_dj_362179_1816_5044,6.1803418803418815
tran_dj_362179_1816_5045,16.858993219213673
tran_dj_362368_1816_5022,9.335655735692306
tran_dj_362368_1816_5024,20.798950537504275
tran_dj_362368_1816_5025,5.257008547008547
tran_dj_362127_1816_5022,4.547508547008547
tran_dj_362127_1816_5024,4.547508547008547
tran_dj_362127_1816_5025,4.547508547008547
tran_dj_362127_1816_5032,4.547508547008547
tran_dj_362127_1816_5034,4.547508547008547
tran_dj_362127_1816_5035,4.547508547008547
tran_dj_392447_1816_5022,5.859007677264956
tran_dj_392447_1816_5024,11.10653986119658
tran_dj_392447_1816_5025,4.688555765504272
tran_dj_392447_1816_5032,5.859007677264956
tran_dj_392447_1816_5034,11.10653986119658
tran_dj_392447_1816_5035,4.688555765504272
tran_xf_701_47641_5022,4.547508547008547
tran_xf_701_47641_5024,4.547508547008547
tran_xf_701_47641_5025,4.547508547008547
tran_xf_701_47641_5032,4.547508547008547
tran_xf_701_47641_5034,4.547508547008547
tran_xf_701_47641_5035,4.547508547008547
tran_dj_353136_1816_5022,8.78570267425641
tran_dj_353136_1816_5024,39.7
tran_dj_353136_1816_5025,7.772491243042735
tran_dj_367451_1816_5022,8.766973519179487
tran_dj_367451_1816_5024,32.615
tran_dj_367451_1816_5025,6.2908347910769224
tran_dj_383612_1816_5022,4.354814699692308
tran_dj_383612_1816_5024,15.836391692752137
tran_dj_383612_1816_5025,5.226561578632477
tran_dj_383612_1816_5032,4.354814699692308
tran_dj_383612_1816_5034,15.836391692752137
tran_dj_383612_1816_5035,5.226561578632477
tran_xf_701_43391_5022,5.135626665504273
tran_xf_701_43391_5024,13.089121832136753
tran_xf_701_43391_5025,4.966385035282051
tran_xf_701_43391_5032,5.135626665504273
tran_xf_701_43391_5034,13.089121832136753
tran_xf_701_43391_5035,4.966385035282051
tran_xf_701_41136_5022,4.767073349401709
tran_xf_701_41136_5024,12.78
tran_xf_701_41136_5025,5.703155735692308
tran_xf_701_41136_5032,4.767073349401709
tran_xf_701_41136_5034,12.78
tran_xf_701_41136_5035,5.703155735692308
tran_xf_701_48012_5022,5.372320652786325
tran_xf_701_48012_5024,17.3719325337094
tran_xf_701_48012_5025,5.359508547008547
tran_xf_701_48012_5032,5.372320652786325
tran_xf_701_48012_5034,17.3719325337094
tran_xf_701_48012_5035,5.359508547008547
tran_xf_701_43864_5022,4.547341880341881
tran_xf_701_43864_5024,4.547341880341881
tran_xf_701_43864_5025,4.547341880341881
tran_xf_701_43864_5032,4.547341880341881
tran_xf_701_43864_5034,4.547341880341881
tran_xf_701_43864_5035,4.547341880341881
tran_xf_701_43864_5042,4.547341880341881
tran_xf_701_43864_5044,4.547341880341881
tran_xf_701_43864_5045,4.547341880341881
tran_dj_367456_1816_5022,6.265961888376069
tran_dj_367456_1816_5024,9.052763067726495
tran_dj_367456_1816_5025,6.788220542632478
tran_xf_701_42215_5022,5.051764957264957
tran_xf_701_42215_5024,11.1843684311453
tran_xf_701_42215_5025,4.957008547008547
tran_xf_701_42215_5032,5.051764957264957
tran_xf_701_42215_5034,11.1843684311453
tran_xf_701_42215_5035,4.957008547008547
tran_dj_383695_1816_5022,5.616338096717948
tran_dj_383695_1816_5024,4.627526270871794
tran_dj_383695_1816_5025,5.189508547008547
tran_dj_383695_1816_5032,5.616338096717948
tran_dj_383695_1816_5034,4.627526270871794
tran_dj_383695_1816_5035,5.189508547008547
tran_dj_353207_1816_5022,17.117267761128204
tran_dj_353207_1816_5024,4.5603418803418805
tran_dj_353207_1816_5025,4.547341880341881
tran_dj_353207_1816_5032,17.117267761128204
tran_dj_353207_1816_5034,4.5603418803418805
tran_dj_353207_1816_5035,4.547341880341881
tran_dj_353207_1816_5042,17.117267761128204
tran_dj_353207_1816_5044,4.5603418803418805
tran_dj_353207_1816_5045,4.547341880341881
tran_dj_353191_1816_5022,5.198496916205128
tran_dj_353191_1816_5024,4.614508547008547
tran_dj_353191_1816_5025,6.504814699692307
tran_dj_353191_1816_5032,5.198496916205128
tran_dj_353191_1816_5034,4.614508547008547
tran_dj_353191_1816_5035,6.504814699692307
tran_bp_701_87070_5022,7.494036007589743
tran_bp_701_87070_5024,11.004596651111111
tran_bp_701_87070_5025,4.547341880341881
tran_bp_701_87070_5032,7.494036007589743
tran_bp_701_87070_5034,11.004596651111111
tran_bp_701_87070_5035,4.547341880341881
tran_bp_701_87070_5042,7.494036007589743
tran_bp_701_87070_5044,11.004596651111111
tran_bp_701_87070_5045,4.547341880341881
tran_xf_701_40340_5022,4.8745085470085465
tran_xf_701_40340_5024,25.55094472437607
tran_xf_701_40340_5025,5.030608797128205
tran_xf_701_40340_5032,4.8745085470085465
tran_xf_701_40340_5034,25.55094472437607
tran_xf_701_40340_5035,5.030608797128205
tran_dj_383632_1816_5022,4.552008547008547
tran_dj_383632_1816_5024,13.911099954153846
tran_dj_383632_1816_5025,5.964820652786324
tran_dj_383632_1816_5032,4.552008547008547
tran_dj_383632_1816_5034,13.911099954153846
tran_dj_383632_1816_5035,5.964820652786324
tran_dj_357585_1816_5022,5.03942457217094
tran_dj_357585_1816_5024,21.523108797128206
tran_dj_357585_1816_5025,4.827008547008547
tran_dj_357585_1816_5032,5.03942457217094
tran_dj_357585_1816_5034,21.523108797128206
tran_dj_357585_1816_5035,4.827008547008547
tran_xf_701_42163_5022,5.284150782256409
tran_xf_701_42163_5024,11.099886859384615
tran_xf_701_42163_5025,6.031730769230769
tran_xf_701_42163_5032,5.284150782256409
tran_xf_701_42163_5034,11.099886859384615
tran_xf_701_42163_5035,6.031730769230769
tran_dj_388143_1816_5022,6.265702674256411
tran_dj_388143_1816_5024,13.265514919999998
tran_dj_388143_1816_5025,6.659820652786324
tran_dj_388143_1816_5032,6.265702674256411
tran_dj_388143_1816_5034,13.265514919999998
tran_dj_388143_1816_5035,6.659820652786324
tran_dj_362236_1816_5022,14.11157348936752
tran_dj_362236_1816_5024,4.582008547008547
tran_dj_362236_1816_5025,6.597020457743589
tran_dj_353147_1816_5022,4.548008547008547
tran_dj_353147_1816_5024,13.908444724376068
tran_dj_353147_1816_5025,7.179820652786325
tran_dj_348651_1816_5022,8.281055765504274
tran_dj_348651_1816_5024,70.14430573278632
tran_dj_348651_1816_5025,4.5620085470085465
tran_dj_348688_1816_5022,6.849654469059828
tran_dj_348688_1816_5024,37.89832773015385
tran_dj_348688_1816_5025,4.548008547008547
tran_dj_357625_1816_5022,4.12126790382906
tran_dj_357625_1816_5024,20.186450537504275
tran_dj_357625_1816_5025,4.69953745825641
tran_dj_357625_1816_5032,4.12126790382906
tran_dj_357625_1816_5034,20.186450537504275
tran_dj_357625_1816_5035,4.69953745825641
tran_dj_357575_1816_5022,4.791561578632478
tran_dj_357575_1816_5024,11.364708911829059
tran_dj_357575_1816_5025,4.612008547008547
tran_dj_357575_1816_5032,4.791561578632478
tran_dj_357575_1816_5034,11.364708911829059
tran_dj_357575_1816_5035,4.612008547008547
tran_xf_701_43757_5022,6.959674054017094
tran_xf_701_43757_5024,11.64
tran_xf_701_43757_5025,5.657814559726495
tran_xf_701_43757_5032,6.959674054017094
tran_xf_701_43757_5034,11.64
tran_xf_701_43757_5035,5.657814559726495
tran_dj_397160_1816_5022,5.351663072717948
tran_dj_397160_1816_5024,7.2748868593846145
tran_dj_397160_1816_5025,6.551055765504273
tran_dj_397160_1816_5032,5.351663072717948
tran_dj_397160_1816_5034,7.2748868593846145
tran_dj_397160_1816_5035,6.551055765504273
tran_dj_353151_1816_5022,7.5156087971282055
tran_dj_353151_1816_5024,9.23525571042735
tran_dj_353151_1816_5025,7.087314699692308
tran_dj_373644_1816_5022,4.450774134119658
tran_dj_373644_1816_5024,17.919716269128205
tran_dj_373644_1816_5025,4.98724393965812
tran_xf_701_42557_5022,4.812833123384615
tran_xf_701_42557_5024,13.066120567897435
tran_xf_701_42557_5025,5.091764957264957
tran_xf_701_42557_5032,4.812833123384615
tran_xf_701_42557_5034,13.066120567897435
tran_xf_701_42557_5035,5.091764957264957
tran_dj_373769_1816_5022,6.441350007452991
tran_dj_373769_1816_5024,18.069421327350426
tran_dj_373769_1816_5025,5.280196861128204
tran_xf_701_41692_5022,8.019991243042735
tran_xf_701_41692_5024,4.569508547008547
tran_xf_701_41692_5025,4.547508547008547
tran_xf_701_41692_5032,8.019991243042735
tran_xf_701_41692_5034,4.569508547008547
tran_xf_701_41692_5035,4.547508547008547
tran_dj_397136_1816_5022,5.495626665504274
tran_dj_397136_1816_5024,14.153126665504272
tran_dj_397136_1816_5025,5.075026270871794
tran_dj_397136_1816_5032,5.495626665504274
tran_dj_397136_1816_5034,14.153126665504272
tran_dj_397136_1816_5035,5.075026270871794
tran_dj_353113_1816_5022,10.673267481196582
tran_dj_353113_1816_5024,35.203964552273504
tran_dj_353113_1816_5025,7.547314699692308
tran_dj_353114_1816_5022,4.567008547008546
tran_dj_353114_1816_5024,56.57
tran_dj_353114_1816_5025,4.5620085470085465
tran_dj_388160_1816_5022,5.439455655350427
tran_dj_388160_1816_5024,12.106391692752137
tran_dj_388160_1816_5025,6.930196861128205
tran_dj_388160_1816_5032,5.439455655350427
tran_dj_388160_1816_5034,12.106391692752137
tran_dj_388160_1816_5035,6.930196861128205
tran_dj_378693_1816_5022,4.265026270871793
tran_dj_378693_1816_5024,14.815626665504272
tran_dj_378693_1816_5025,4.7506266655042735
tran_dj_378693_1816_5032,4.265026270871793
tran_dj_378693_1816_5034,14.815626665504272
tran_dj_378693_1816_5035,4.7506266655042735
tran_xf_701_41454_5022,4.547508547008547
tran_xf_701_41454_5024,4.547508547008547
tran_xf_701_41454_5025,4.547508547008547
tran_xf_701_41454_5032,4.547508547008547
tran_xf_701_41454_5034,4.547508547008547
tran_xf_701_41454_5035,4.547508547008547
tran_dj_373481_1816_5022,5.587008547008547
tran_dj_373481_1816_5024,29.29
tran_dj_373481_1816_5025,9.121079586974359
tran_xf_701_47299_5022,4.969163072717948
tran_xf_701_47299_5024,16.8125
tran_xf_701_47299_5025,5.677268734598291
tran_xf_701_47299_5032,4.969163072717948
tran_xf_701_47299_5034,16.8125
tran_xf_701_47299_5035,5.677268734598291
tran_dj_388141_1816_5022,4.5965384615384615
tran_dj_388141_1816_5024,11.72753292834188
tran_dj_388141_1816_5025,6.813155735692307
tran_dj_388141_1816_5032,4.5965384615384615
tran_dj_388141_1816_5034,11.72753292834188
tran_dj_388141_1816_5035,6.813155735692307
tran_dj_392450_1816_5022,5.076863527794871
tran_dj_392450_1816_5024,7.6810992003760665
tran_dj_392450_1816_5025,11.010758019863246
tran_dj_392450_1816_5032,5.076863527794871
tran_dj_392450_1816_5034,7.6810992003760665
tran_dj_392450_1816_5035,11.010758019863246
tran_dj_392450_1816_5042,5.076863527794871
tran_dj_392450_1816_5044,7.6810992003760665
tran_dj_392450_1816_5045,11.010758019863246
tran_xf_701_43160_5022,5.570214724957265
tran_xf_701_43160_5024,5.957314699692308
tran_xf_701_43160_5025,5.777008547008547
tran_xf_701_43160_5032,5.570214724957265
tran_xf_701_43160_5034,5.957314699692308
tran_xf_701_43160_5035,5.777008547008547
tran_dj_362098_1816_5022,4.547508547008547
tran_dj_362098_1816_5024,4.547508547008547
tran_dj_362098_1816_5025,4.547508547008547
tran_dj_362098_1816_5032,4.547508547008547
tran_dj_362098_1816_5034,4.547508547008547
tran_dj_362098_1816_5035,4.547508547008547
tran_dj_388111_1816_5022,5.693267481196581
tran_dj_388111_1816_5024,4.977008547008547
tran_dj_388111_1816_5025,4.854508547008547
tran_dj_388111_1816_5032,5.693267481196581
tran_dj_388111_1816_5034,4.977008547008547
tran_dj_388111_1816_5035,4.854508547008547
tran_dj_388007_1816_5022,4.7730203980512815
tran_dj_388007_1816_5024,16.345655735692308
tran_dj_388007_1816_5025,5.294514500102563
tran_dj_388007_1816_5032,4.7730203980512815
tran_dj_388007_1816_5034,16.345655735692308
tran_dj_388007_1816_5035,5.294514500102563
tran_xf_701_44154_5022,4.547508547008547
tran_xf_701_44154_5024,4.547508547008547
tran_xf_701_44154_5025,4.547508547008547
tran_xf_701_44154_5032,4.547508547008547
tran_xf_701_44154_5034,4.547508547008547
tran_xf_701_44154_5035,4.547508547008547
tran_dj_383677_1816_5022,5.28491452991453
tran_dj_383677_1816_5024,15.851621832136752
tran_dj_383677_1816_5025,4.909508547008547
tran_dj_383677_1816_5032,5.28491452991453
tran_dj_383677_1816_5034,15.851621832136752
tran_dj_383677_1816_5035,4.909508547008547
tran_xf_701_45641_5022,5.065532788376068
tran_xf_701_45641_5024,14.634814699692306
tran_xf_701_45641_5025,4.849135419042735
tran_xf_701_45641_5032,5.065532788376068
tran_xf_701_45641_5034,14.634814699692306
tran_xf_701_45641_5035,4.849135419042735
tran_xf_701_44637_5022,4.622208911829059
tran_xf_701_44637_5024,11.031880341880338
tran_xf_701_44637_5025,5.086508686974358
tran_xf_701_44637_5032,4.622208911829059
tran_xf_701_44637_5034,11.031880341880338
tran_xf_701_44637_5035,5.086508686974358
tran_dj_383721_1816_5022,6.86564978259829
tran_dj_383721_1816_5024,10.497208911829059
tran_dj_383721_1816_5025,4.869421327350427
tran_dj_383721_1816_5032,6.86564978259829
tran_dj_383721_1816_5034,10.497208911829059
tran_dj_383721_1816_5035,4.869421327350427
tran_xf_701_47819_5022,6.963809021982905
tran_xf_701_47819_5024,11.9525
tran_xf_701_47819_5025,5.253032788376068
tran_xf_701_47819_5032,6.963809021982905
tran_xf_701_47819_5034,11.9525
tran_xf_701_47819_5035,5.253032788376068
tran_dj_362307_1816_5022,4.362576923076922
tran_dj_362307_1816_5024,5.411967561538461
tran_dj_362307_1816_5025,5.079264957264956
tran_dj_362307_1816_5032,4.362576923076922
tran_dj_362307_1816_5034,5.411967561538461
tran_dj_362307_1816_5035,5.079264957264956
tran_dj_397159_1816_5022,4.954264957264956
tran_dj_397159_1816_5024,12.031635142529915
tran_dj_397159_1816_5025,4.94196756153846
tran_dj_397159_1816_5032,4.954264957264956
tran_dj_397159_1816_5034,12.031635142529915
tran_dj_397159_1816_5035,4.94196756153846
tran_dj_383615_1816_5022,6.109138291760683
tran_dj_383615_1816_5024,12.069421327350426
tran_dj_383615_1816_5025,4.893353590974359
tran_dj_383615_1816_5032,6.109138291760683
tran_dj_383615_1816_5034,12.069421327350426
tran_dj_383615_1816_5035,4.893353590974359
tran_xf_701_41749_5022,4.547341880341881
tran_xf_701_41749_5024,4.547341880341881
tran_xf_701_41749_5025,4.547341880341881
tran_xf_701_41749_5032,4.547341880341881
tran_xf_701_41749_5034,4.547341880341881
tran_xf_701_41749_5035,4.547341880341881
tran_xf_701_41749_5042,4.547341880341881
tran_xf_701_41749_5044,4.547341880341881
tran_xf_701_41749_5045,4.547341880341881
tran_dj_392485_1816_5022,5.656730769230769
tran_dj_392485_1816_5024,9.684716269128206
tran_dj_392485_1816_5025,6.995418803418803
tran_dj_392485_1816_5032,5.656730769230769
tran_dj_392485_1816_5034,9.684716269128206
tran_dj_392485_1816_5035,6.995418803418803
tran_dj_388167_1816_5022,6.293208631897435
tran_dj_388167_1816_5024,12.538040845504273
tran_dj_388167_1816_5025,5.790809480410257
tran_dj_388167_1816_5032,6.293208631897435
tran_dj_388167_1816_5034,12.538040845504273
tran_dj_388167_1816_5035,5.790809480410257
tran_bp_701_78099_5022,4.652008547008547
tran_bp_701_78099_5024,4.819508547008547
tran_bp_701_78099_5025,4.719508547008547
tran_bp_701_78099_5032,4.652008547008547
tran_bp_701_78099_5034,4.819508547008547
tran_bp_701_78099_5035,4.719508547008547
tran_xf_701_45927_5022,4.652008547008547
tran_xf_701_45927_5024,11.896055765504272
tran_xf_701_45927_5025,4.802008547008547
tran_xf_701_45927_5032,4.652008547008547
tran_xf_701_45927_5034,11.896055765504272
tran_xf_701_45927_5035,4.802008547008547
tran_xf_701_46046_5022,5.389508547008547
tran_xf_701_46046_5024,11.537386859384615
tran_xf_701_46046_5025,4.090520398051281
tran_xf_701_46046_5032,5.389508547008547
tran_xf_701_46046_5034,11.537386859384615
tran_xf_701_46046_5035,4.090520398051281
tran_xf_701_41492_5022,6.243291298119658
tran_xf_701_41492_5024,13.01438034188034
tran_xf_701_41492_5025,4.964508547008547
tran_xf_701_41492_5032,6.243291298119658
tran_xf_701_41492_5034,13.01438034188034
tran_xf_701_41492_5035,4.964508547008547
tran_dj_388029_1816_5022,5.261561578632477
tran_dj_388029_1816_5024,7.067008547008546
tran_dj_388029_1816_5025,4.467202954188034
tran_dj_388029_1816_5032,5.261561578632477
tran_dj_388029_1816_5034,7.067008547008546
tran_dj_388029_1816_5035,4.467202954188034
tran_xf_701_40587_5022,6.744820652786325
tran_xf_701_40587_5024,8.088208631897434
tran_xf_701_40587_5025,6.330708631897434
tran_xf_701_40587_5032,6.744820652786325
tran_xf_701_40587_5034,8.088208631897434
tran_xf_701_40587_5035,6.330708631897434
tran_dj_383709_1816_5022,4.129455655350427
tran_dj_383709_1816_5024,11.743809021982905
tran_dj_383709_1816_5025,4.999164384581196
tran_dj_383709_1816_5032,4.129455655350427
tran_dj_383709_1816_5034,11.743809021982905
tran_dj_383709_1816_5035,4.999164384581196
tran_xf_701_45294_5022,6.815726495726494
tran_xf_701_45294_5024,9.495
tran_xf_701_45294_5025,6.237756410256409
tran_xf_701_45294_5032,6.815726495726494
tran_xf_701_45294_5034,9.495
tran_xf_701_45294_5035,6.237756410256409
tran_xf_701_45591_5022,5.194743939658119
tran_xf_701_45591_5024,16.248621981777777
tran_xf_701_45591_5025,8.610314559726495
tran_xf_701_45591_5032,5.194743939658119
tran_xf_701_45591_5034,16.248621981777777
tran_xf_701_45591_5035,8.610314559726495
tran_cp_701_34780_5022,7.020655735692308
tran_cp_701_34780_5024,4.557008547008547
tran_cp_701_34780_5025,4.547508547008547
tran_cp_701_34780_5032,7.020655735692308
tran_cp_701_34780_5034,4.557008547008547
tran_cp_701_34780_5035,4.547508547008547
tran_dj_362073_1816_5022,4.547508547008547
tran_dj_362073_1816_5024,4.547508547008547
tran_dj_362073_1816_5025,4.547508547008547
tran_dj_362073_1816_5032,4.547508547008547
tran_dj_362073_1816_5034,4.547508547008547
tran_dj_362073_1816_5035,4.547508547008547
tran_dj_387954_1816_5022,4.7058413005128195
tran_dj_387954_1816_5024,14.251450537504276
tran_dj_387954_1816_5025,6.23584130051282
tran_dj_387954_1816_5032,4.7058413005128195
tran_dj_387954_1816_5034,14.251450537504276
tran_dj_387954_1816_5035,6.23584130051282
tran_xf_701_43169_5022,5.230972119589743
tran_xf_701_43169_5024,16.38076748119658
tran_xf_701_43169_5025,6.782814559726495
tran_xf_701_43169_5032,5.230972119589743
tran_xf_701_43169_5034,16.38076748119658
tran_xf_701_43169_5035,6.782814559726495
tran_dj_383572_1816_5022,4.684702954188033
tran_dj_383572_1816_5024,17.97326748119658
tran_dj_383572_1816_5025,10.362696861128205
tran_dj_383572_1816_5032,4.684702954188033
tran_dj_383572_1816_5034,17.97326748119658
tran_dj_383572_1816_5035,10.362696861128205
tran_dj_383596_1816_5022,3.846538461538461
tran_dj_383596_1816_5024,12.08446756153846
tran_dj_383596_1816_5025,4.735361498290598
tran_dj_383596_1816_5032,3.846538461538461
tran_dj_383596_1816_5034,12.08446756153846
tran_dj_383596_1816_5035,4.735361498290598
tran_dj_388063_1816_5022,4.943838096717949
tran_dj_388063_1816_5024,10.240550667726495
tran_dj_388063_1816_5025,8.554780301264957
tran_dj_388063_1816_5032,4.943838096717949
tran_dj_388063_1816_5034,10.240550667726495
tran_dj_388063_1816_5035,8.554780301264957
tran_xf_701_45583_5022,5.47253181876923
tran_xf_701_45583_5024,16.25539197268376
tran_xf_701_45583_5025,5.818555765504273
tran_xf_701_45583_5032,5.47253181876923
tran_xf_701_45583_5034,16.25539197268376
tran_xf_701_45583_5035,5.818555765504273
tran_dj_388044_1816_5022,7.354820652786325
tran_dj_388044_1816_5024,16.88895053750427
tran_dj_388044_1816_5025,5.616020737675214
tran_dj_388044_1816_5032,7.354820652786325
tran_dj_388044_1816_5034,16.88895053750427
tran_dj_388044_1816_5035,5.616020737675214
tran_xf_701_47328_5022,4.547508547008547
tran_xf_701_47328_5024,4.547508547008547
tran_xf_701_47328_5025,4.547508547008547
tran_xf_701_47328_5032,4.547508547008547
tran_xf_701_47328_5034,4.547508547008547
tran_xf_701_47328_5035,4.547508547008547
tran_dj_392491_1816_5022,4.905626665504274
tran_dj_392491_1816_5024,11.809380341880342
tran_dj_392491_1816_5025,4.827008547008547
tran_dj_392491_1816_5032,4.905626665504274
tran_dj_392491_1816_5034,11.809380341880342
tran_dj_392491_1816_5035,4.827008547008547
tran_xf_701_44402_5022,5.6470085470085465
tran_xf_701_44402_5024,9.813579586974358
tran_xf_701_44402_5025,5.685708631897435
tran_xf_701_44402_5032,5.6470085470085465
tran_xf_701_44402_5034,9.813579586974358
tran_xf_701_44402_5035,5.685708631897435
tran_xf_701_46587_5022,4.547508547008547
tran_xf_701_46587_5024,4.547508547008547
tran_xf_701_46587_5025,4.547508547008547
tran_xf_701_46587_5032,4.547508547008547
tran_xf_701_46587_5034,4.547508547008547
tran_xf_701_46587_5035,4.547508547008547
tran_dj_392467_1816_5022,5.829820652786324
tran_dj_392467_1816_5024,8.673879782017094
tran_dj_392467_1816_5025,4.994508547008547
tran_dj_392467_1816_5032,5.829820652786324
tran_dj_392467_1816_5034,8.673879782017094
tran_dj_392467_1816_5035,4.994508547008547
tran_dj_397146_1816_5022,6.645925141196581
tran_dj_397146_1816_5024,11.707009246837607
tran_dj_397146_1816_5025,4.940543994735043
tran_dj_397146_1816_5032,6.645925141196581
tran_dj_397146_1816_5034,11.707009246837607
tran_dj_397146_1816_5035,4.940543994735043
tran_xf_701_42558_5022,5.519702954188033
tran_xf_701_42558_5024,27.2125
tran_xf_701_42558_5025,5.098267481196581
tran_xf_701_42558_5032,5.519702954188033
tran_xf_701_42558_5034,27.2125
tran_xf_701_42558_5035,5.098267481196581
tran_dj_397165_1816_5022,5.641055765504273
tran_dj_397165_1816_5024,8.562303488786323
tran_dj_397165_1816_5025,5.239455655350427
tran_dj_397165_1816_5032,5.641055765504273
tran_dj_397165_1816_5034,8.562303488786323
tran_dj_397165_1816_5035,5.239455655350427
tran_xf_701_45532_5022,7.187008547008547
tran_xf_701_45532_5024,19.695263067726497
tran_xf_701_45532_5025,4.214508547008547
tran_xf_701_45532_5032,7.187008547008547
tran_xf_701_45532_5034,19.695263067726497
tran_xf_701_45532_5035,4.214508547008547
tran_xf_701_44734_5022,6.078267481196582
tran_xf_701_44734_5024,16.20163303849573
tran_xf_701_44734_5025,6.004163072717948
tran_xf_701_44734_5032,6.078267481196582
tran_xf_701_44734_5034,16.20163303849573
tran_xf_701_44734_5035,6.004163072717948
tran_dj_392464_1816_5022,6.468267481196581
tran_dj_392464_1816_5024,14.73789197268376
tran_dj_392464_1816_5025,6.28946756153846
tran_dj_392464_1816_5032,6.468267481196581
tran_dj_392464_1816_5034,14.73789197268376
tran_dj_392464_1816_5035,6.28946756153846
tran_dj_383564_1816_5022,5.3853145597264955
tran_dj_383564_1816_5024,13.26
tran_dj_383564_1816_5025,5.7857086318974345
tran_dj_383564_1816_5032,5.3853145597264955
tran_dj_383564_1816_5034,13.26
tran_dj_383564_1816_5035,5.7857086318974345
tran_dj_383654_1816_5022,4.557008547008547
tran_dj_383654_1816_5024,4.537008547008547
tran_dj_383654_1816_5025,4.547508547008547
tran_dj_383654_1816_5032,4.557008547008547
tran_dj_383654_1816_5034,4.537008547008547
tran_dj_383654_1816_5035,4.547508547008547
tran_dj_388113_1816_5022,7.150608797128205
tran_dj_388113_1816_5024,11.523809021982903
tran_dj_388113_1816_5025,5.08974393965812
tran_dj_388113_1816_5032,7.150608797128205
tran_dj_388113_1816_5034,11.523809021982903
tran_dj_388113_1816_5035,5.08974393965812
tran_xf_701_43798_5022,6.594914529914529
tran_xf_701_43798_5024,9.699769160786323
tran_xf_701_43798_5025,5.25888503528205
tran_xf_701_43798_5032,6.594914529914529
tran_xf_701_43798_5034,9.699769160786323
tran_xf_701_43798_5035,5.25888503528205
tran_dj_357651_1816_5022,4.674508547008547
tran_dj_357651_1816_5024,4.537008547008547
tran_dj_357651_1816_5025,4.792008547008547
tran_dj_357651_1816_5032,4.674508547008547
tran_dj_357651_1816_5034,4.537008547008547
tran_dj_357651_1816_5035,4.792008547008547
tran_xf_701_44287_5022,6.481002873846154
tran_xf_701_44287_5024,14.931805732786325
tran_xf_701_44287_5025,4.960853590974359
tran_xf_701_44287_5032,6.481002873846154
tran_xf_701_44287_5034,14.931805732786325
tran_xf_701_44287_5035,4.960853590974359
tran_xf_701_44235_5022,5.204019967726495
tran_xf_701_44235_5024,11.240263067726493
tran_xf_701_44235_5025,6.2324145299145295
tran_xf_701_44235_5032,5.204019967726495
tran_xf_701_44235_5034,11.240263067726493
tran_xf_701_44235_5035,6.2324145299145295
tran_xf_701_45187_5022,5.867208911829059
tran_xf_701_45187_5024,11.09775571042735
tran_xf_701_45187_5025,5.675708631897434
tran_xf_701_45187_5032,5.867208911829059
tran_xf_701_45187_5034,11.09775571042735
tran_xf_701_45187_5035,5.675708631897434
tran_xf_701_45240_5022,6.2421544690598285
tran_xf_701_45240_5024,17.752269160786323
tran_xf_701_45240_5025,5.454038461538461
tran_xf_701_45240_5032,6.2421544690598285
tran_xf_701_45240_5034,17.752269160786323
tran_xf_701_45240_5035,5.454038461538461
tran_dj_388036_1816_5022,5.10775571042735
tran_dj_388036_1816_5024,6.315708631897435
tran_dj_388036_1816_5025,5.733620567897435
tran_dj_388036_1816_5032,5.10775571042735
tran_dj_388036_1816_5034,6.315708631897435
tran_dj_388036_1816_5035,5.733620567897435
tran_xf_701_45178_5022,4.143760683760683
tran_xf_701_45178_5024,7.018309480410256
tran_xf_701_45178_5025,4.301591353196581
tran_xf_701_45178_5032,4.143760683760683
tran_xf_701_45178_5034,7.018309480410256
tran_xf_701_45178_5035,4.301591353196581
tran_xf_701_44495_5022,4.547341880341881
tran_xf_701_44495_5024,4.547341880341881
tran_xf_701_44495_5025,4.547341880341881
tran_xf_701_44495_5032,4.547341880341881
tran_xf_701_44495_5034,4.547341880341881
tran_xf_701_44495_5035,4.547341880341881
tran_xf_701_44495_5042,4.547341880341881
tran_xf_701_44495_5044,4.547341880341881
tran_xf_701_44495_5045,4.547341880341881
tran_dj_388131_1816_5022,4.327929527658119
tran_dj_388131_1816_5024,13.562009246837608
tran_dj_388131_1816_5025,4.86320267425641
tran_dj_388131_1816_5032,4.327929527658119
tran_dj_388131_1816_5034,13.562009246837608
tran_dj_388131_1816_5035,4.86320267425641
tran_xf_701_40775_5022,5.52842514119658
tran_xf_701_40775_5024,8.867269160786325
tran_xf_701_40775_5025,5.827696861128205
tran_xf_701_40775_5032,5.52842514119658
tran_xf_701_40775_5034,8.867269160786325
tran_xf_701_40775_5035,5.827696861128205
tran_xf_701_46598_5022,5.167376427863247
tran_xf_701_46598_5024,16.27275571042735
tran_xf_701_46598_5025,5.774829449470086
tran_xf_701_46598_5032,5.167376427863247
tran_xf_701_46598_5034,16.27275571042735
tran_xf_701_46598_5035,5.774829449470086
tran_dj_362138_1816_5022,4.547341880341881
tran_dj_362138_1816_5024,4.547341880341881
tran_dj_362138_1816_5025,4.547341880341881
tran_dj_362138_1816_5032,4.547341880341881
tran_dj_362138_1816_5034,4.547341880341881
tran_dj_362138_1816_5035,4.547341880341881
tran_dj_362138_1816_5042,4.547341880341881
tran_dj_362138_1816_5044,4.547341880341881
tran_dj_362138_1816_5045,4.547341880341881
tran_xf_701_44221_5022,4.960361498290598
tran_xf_701_44221_5024,9.788936127042735
tran_xf_701_44221_5025,7.668879782017093
tran_xf_701_44221_5032,4.960361498290598
tran_xf_701_44221_5034,9.788936127042735
tran_xf_701_44221_5035,7.668879782017093
tran_dj_388014_1816_5022,4.573675213675213
tran_dj_388014_1816_5024,8.548589043760682
tran_dj_388014_1816_5025,4.792028164957265
tran_dj_388014_1816_5032,4.573675213675213
tran_dj_388014_1816_5034,8.548589043760682
tran_dj_388014_1816_5035,4.792028164957265
tran_dj_388014_1816_5042,4.573675213675213
tran_dj_388014_1816_5044,8.548589043760682
tran_dj_388014_1816_5045,4.792028164957265
tran_dj_357638_1816_5022,5.405026270871794
tran_dj_357638_1816_5024,11.638444724376068
tran_dj_357638_1816_5025,6.635214724957265
tran_dj_357638_1816_5032,5.405026270871794
tran_dj_357638_1816_5034,11.638444724376068
tran_dj_357638_1816_5035,6.635214724957265
tran_xf_701_47485_5022,5.215314559726495
tran_xf_701_47485_5024,12.114380341880342
tran_xf_701_47485_5025,6.417026410837607
tran_xf_701_47485_5032,5.215314559726495
tran_xf_701_47485_5034,12.114380341880342
tran_xf_701_47485_5035,6.417026410837607
tran_dj_362384_1816_5022,4.547508547008547
tran_dj_362384_1816_5024,4.922138151794871
tran_dj_362384_1816_5025,4.547508547008547
tran_dj_362384_1816_5032,4.547508547008547
tran_dj_362384_1816_5034,4.922138151794871
tran_dj_362384_1816_5035,4.547508547008547
tran_xf_701_47566_5022,5.590767481196581
tran_xf_701_47566_5024,12.892763067726495
tran_xf_701_47566_5025,4.45493239374359
tran_xf_701_47566_5032,5.590767481196581
tran_xf_701_47566_5034,12.892763067726495
tran_xf_701_47566_5035,4.45493239374359
tran_xf_701_41753_5022,4.853851757025639
tran_xf_701_41753_5024,11.575432253777777
tran_xf_701_41753_5025,5.12525571042735
tran_xf_701_41753_5032,4.853851757025639
tran_xf_701_41753_5034,11.575432253777777
tran_xf_701_41753_5035,5.12525571042735
tran_xf_701_41753_5042,4.853851757025639
tran_xf_701_41753_5044,11.575432253777777
tran_xf_701_41753_5045,5.12525571042735
tran_xf_701_47217_5022,4.970767481196581
tran_xf_701_47217_5024,8.145626665504272
tran_xf_701_47217_5025,6.8691630727179485
tran_xf_701_47217_5032,4.970767481196581
tran_xf_701_47217_5034,8.145626665504272
tran_xf_701_47217_5035,6.8691630727179485
tran_xf_701_44515_5022,4.549508547008547
tran_xf_701_44515_5024,4.572008547008546
tran_xf_701_44515_5025,8.558555765504273
tran_xf_701_44515_5032,4.549508547008547
tran_xf_701_44515_5034,4.572008547008546
tran_xf_701_44515_5035,8.558555765504273
tran_xf_701_41790_5022,6.008043994735043
tran_xf_701_41790_5024,4.567008547008546
tran_xf_701_41790_5025,4.547508547008547
tran_xf_701_41790_5032,6.008043994735043
tran_xf_701_41790_5034,4.567008547008546
tran_xf_701_41790_5035,4.547508547008547
tran_xf_701_42589_5022,5.4579501176068375
tran_xf_701_42589_5024,16.352634158222223
tran_xf_701_42589_5025,5.0220085470085465
tran_xf_701_42589_5032,5.4579501176068375
tran_xf_701_42589_5034,16.352634158222223
tran_xf_701_42589_5035,5.0220085470085465
tran_dj_388106_1816_5022,5.752280301264957
tran_dj_388106_1816_5024,10.443444724376068
tran_dj_388106_1816_5025,5.09696756153846
tran_dj_388106_1816_5032,5.752280301264957
tran_dj_388106_1816_5034,10.443444724376068
tran_dj_388106_1816_5035,5.09696756153846
tran_xf_701_47810_5022,5.91409135319658
tran_xf_701_47810_5024,4.2516218321367525
tran_xf_701_47810_5025,6.711055765504273
tran_xf_701_47810_5032,5.91409135319658
tran_xf_701_47810_5034,4.2516218321367525
tran_xf_701_47810_5035,6.711055765504273
tran_dj_387947_1816_5022,6.670626665504273
tran_dj_387947_1816_5024,14.717924012547009
tran_dj_387947_1816_5025,5.6197456087863245
tran_dj_387947_1816_5032,6.670626665504273
tran_dj_387947_1816_5034,14.717924012547009
tran_dj_387947_1816_5035,5.6197456087863245
tran_dj_388092_1816_5022,6.29834130051282
tran_dj_388092_1816_5024,9.090889330529913
tran_dj_388092_1816_5025,4.954402759145298
tran_dj_388092_1816_5032,6.29834130051282
tran_dj_388092_1816_5034,9.090889330529913
tran_dj_388092_1816_5035,4.954402759145298
tran_dj_388089_1816_5022,6.495261663521367
tran_dj_388089_1816_5024,12.7557688808547
tran_dj_388089_1816_5025,6.946119227418803
tran_dj_388089_1816_5032,6.495261663521367
tran_dj_388089_1816_5034,12.7557688808547
tran_dj_388089_1816_5035,6.946119227418803
tran_dj_388157_1816_5022,6.291379850837606
tran_dj_388157_1816_5024,16.60539197268376
tran_dj_388157_1816_5025,5.30741452991453
tran_dj_388157_1816_5032,6.291379850837606
tran_dj_388157_1816_5034,16.60539197268376
tran_dj_388157_1816_5035,5.30741452991453
tran_xf_701_41584_5022,7.035832283589743
tran_xf_701_41584_5024,12.708444724376069
tran_xf_701_41584_5025,6.576379850837606
tran_xf_701_41584_5032,7.035832283589743
tran_xf_701_41584_5034,12.708444724376069
tran_xf_701_41584_5035,6.576379850837606
tran_xf_701_47194_5022,5.630767481196581
tran_xf_701_47194_5024,17.671309021982903
tran_xf_701_47194_5025,5.12849096311111
tran_xf_701_47194_5032,5.630767481196581
tran_xf_701_47194_5034,17.671309021982903
tran_xf_701_47194_5035,5.12849096311111
tran_dj_357587_1816_5022,4.877526270871794
tran_dj_357587_1816_5024,12.456967561538459
tran_dj_357587_1816_5025,4.651663072717948
tran_dj_357587_1816_5032,4.877526270871794
tran_dj_357587_1816_5034,12.456967561538459
tran_dj_357587_1816_5035,4.651663072717948
tran_xf_701_45448_5022,5.415655735692307
tran_xf_701_45448_5024,8.357216269128203
tran_xf_701_45448_5025,6.483267481196581
tran_xf_701_45448_5032,5.415655735692307
tran_xf_701_45448_5034,8.357216269128203
tran_xf_701_45448_5035,6.483267481196581
tran_dj_388080_1816_5022,7.8698146996923075
tran_dj_388080_1816_5024,8.375214724957264
tran_dj_388080_1816_5025,4.914508547008547
tran_dj_388080_1816_5032,7.8698146996923075
tran_dj_388080_1816_5034,8.375214724957264
tran_dj_388080_1816_5035,4.914508547008547
tran_xf_701_42973_5022,11.513809021982905
tran_xf_701_42973_5024,4.572008547008546
tran_xf_701_42973_5025,5.802008547008547
tran_xf_701_42973_5032,11.513809021982905
tran_xf_701_42973_5034,4.572008547008546
tran_xf_701_42973_5035,5.802008547008547
tran_dj_397133_1816_5022,4.833043994735043
tran_dj_397133_1816_5024,9.65
tran_dj_397133_1816_5025,5.522576923076922
tran_dj_397133_1816_5032,4.833043994735043
tran_dj_397133_1816_5034,9.65
tran_dj_397133_1816_5035,5.522576923076922
tran_bp_701_88931_5022,16.019264957264955
tran_bp_701_88931_5024,4.5536752136752146
tran_bp_701_88931_5025,4.547341880341881
tran_bp_701_88931_5032,16.019264957264955
tran_bp_701_88931_5034,4.5536752136752146
tran_bp_701_88931_5035,4.547341880341881
tran_bp_701_88931_5042,16.019264957264955
tran_bp_701_88931_5044,4.5536752136752146
tran_bp_701_88931_5045,4.547341880341881
tran_bp_701_87349_5022,5.055859604205127
tran_bp_701_87349_5024,26.89166666666666
tran_bp_701_87349_5025,4.891600814529914
tran_bp_701_87349_5032,5.055859604205127
tran_bp_701_87349_5034,26.89166666666666
tran_bp_701_87349_5035,4.891600814529914
tran_bp_701_87349_5042,5.055859604205127
tran_bp_701_87349_5044,26.89166666666666
tran_bp_701_87349_5045,4.891600814529914
