Hour, Sec, ControlIteration, Iterations, LoadMultiplier, Present Tap, Pending Change, Actual Change, Increment, Min Tap, Max Tap
+++ 0 s: Handling TapChange = 0.03125
0, 0.000, 1, 2,   1.00,  1.00000,  0.03125,  0.02188,  0.00313,  0.95000,  1.05000
+++ 0 s: Handling TapChange = 0.0125
0, 0.000, 2, 3,   1.00,  1.02188,  0.01250,  0.00625,  0.00313,  0.95000,  1.05000
+++ 0 s: Handling TapChange = 0.00625
0, 0.000, 3, 3,   1.00,  1.02813,  0.00625,  0.00313,  0.00313,  0.95000,  1.05000
+++ 60 s: Handling TapChange = -0.025
0, 60.000, 1, 3,   1.00,  1.03125, -0.02500, -0.01563,  0.00313,  0.95000,  1.05000
+++ 60 s: Handling TapChange = -0.009375
0, 60.000, 2, 3,   1.00,  1.01563, -0.00938, -0.00625,  0.00313,  0.95000,  1.05000
+++ 60 s: Handling TapChange = -0.003125
0, 60.000, 3, 3,   1.00,  1.00938, -0.00313, -0.00313,  0.00313,  0.95000,  1.05000
+++ 840 s: Handling TapChange = 0.00625
0, 840.000, 1, 2,   1.00,  1.00625,  0.00625,  0.00313,  0.00313,  0.95000,  1.05000
+++ 900 s: Handling TapChange = 0.009375
0, 900.000, 1, 3,   1.00,  1.00938,  0.00938,  0.00625,  0.00313,  0.95000,  1.05000
+++ 960 s: Handling TapChange = 0.00625
0, 960.000, 1, 3,   1.00,  1.01563,  0.00625,  0.00313,  0.00313,  0.95000,  1.05000
+++ 1140 s: Handling TapChange = -0.009375
0, 1140.000, 1, 3,   1.00,  1.01875, -0.00938, -0.00625,  0.00313,  0.95000,  1.05000
+++ 1440 s: Handling TapChange = -0.00625
0, 1440.000, 1, 2,   1.00,  1.01250, -0.00625, -0.00313,  0.00313,  0.95000,  1.05000
+++ 2040 s: Handling TapChange = 0.003125
0, 2040.000, 1, 3,   1.00,  1.00938,  0.00313,  0.00313,  0.00313,  0.95000,  1.05000
+++ 2220 s: Handling TapChange = 0.00625
0, 2220.000, 1, 3,   1.00,  1.01250,  0.00625,  0.00313,  0.00313,  0.95000,  1.05000
+++ 2280 s: Handling TapChange = 0.003125
0, 2280.000, 1, 3,   1.00,  1.01563,  0.00313,  0.00313,  0.00313,  0.95000,  1.05000
+++ 2520 s: Handling TapChange = -0.00625
0, 2520.000, 1, 3,   1.00,  1.01875, -0.00625, -0.00313,  0.00313,  0.95000,  1.05000
+++ 2640 s: Handling TapChange = -0.00625
0, 2640.000, 1, 3,   1.00,  1.01563, -0.00625, -0.00313,  0.00313,  0.95000,  1.05000
+++ 2700 s: Handling TapChange = -0.00625
0, 2700.000, 1, 2,   1.00,  1.01250, -0.00625, -0.00313,  0.00313,  0.95000,  1.05000
+++ 2820 s: Handling TapChange = -0.003125
0, 2820.000, 1, 2,   1.00,  1.00938, -0.00313, -0.00313,  0.00313,  0.95000,  1.05000
+++ 3540 s: Handling TapChange = 0.00625
0, 3540.000, 1, 2,   1.00,  1.00625,  0.00625,  0.00313,  0.00313,  0.95000,  1.05000
+++ 60 s: Handling TapChange = 0.00625
1, 60.000, 1, 3,   1.00,  1.00938,  0.00625,  0.00313,  0.00313,  0.95000,  1.05000
+++ 120 s: Handling TapChange = 0.00625
1, 120.000, 1, 3,   1.00,  1.01250,  0.00625,  0.00313,  0.00313,  0.95000,  1.05000
+++ 180 s: Handling TapChange = 0.00625
1, 180.000, 1, 2,   1.00,  1.01563,  0.00625,  0.00313,  0.00313,  0.95000,  1.05000
+++ 420 s: Handling TapChange = -0.00625
1, 420.000, 1, 3,   1.00,  1.01875, -0.00625, -0.00313,  0.00313,  0.95000,  1.05000
+++ 480 s: Handling TapChange = -0.00625
1, 480.000, 1, 2,   1.00,  1.01563, -0.00625, -0.00313,  0.00313,  0.95000,  1.05000
+++ 600 s: Handling TapChange = -0.003125
1, 600.000, 1, 2,   1.00,  1.01250, -0.00313, -0.00313,  0.00313,  0.95000,  1.05000
+++ 1140 s: Handling TapChange = -0.003125
1, 1140.000, 1, 2,   1.00,  1.00938, -0.00313, -0.00313,  0.00313,  0.95000,  1.05000
+++ 1680 s: Handling TapChange = 0.00625
1, 1680.000, 1, 3,   1.00,  1.00625,  0.00625,  0.00313,  0.00313,  0.95000,  1.05000
+++ 2040 s: Handling TapChange = 0.00625
1, 2040.000, 1, 3,   1.00,  1.00938,  0.00625,  0.00313,  0.00313,  0.95000,  1.05000
+++ 2520 s: Handling TapChange = -0.003125
1, 2520.000, 1, 3,   1.00,  1.01250, -0.00313, -0.00313,  0.00313,  0.95000,  1.05000
+++ 3300 s: Handling TapChange = 0.00625
1, 3300.000, 1, 3,   1.00,  1.00938,  0.00625,  0.00313,  0.00313,  0.95000,  1.05000
+++ 3540 s: Handling TapChange = 0.00625
1, 3540.000, 1, 2,   1.00,  1.01250,  0.00625,  0.00313,  0.00313,  0.95000,  1.05000
+++ 0 s: Handling TapChange = 0.00625
2, 0.000, 1, 3,   1.00,  1.01563,  0.00625,  0.00313,  0.00313,  0.95000,  1.05000
+++ 0 s: Handling TapChange = 0.00625
2, 0.000, 2, 3,   1.00,  1.01875,  0.00625,  0.00313,  0.00313,  0.95000,  1.05000
+++ 360 s: Handling TapChange = -0.00625
2, 360.000, 1, 3,   1.00,  1.02188, -0.00625, -0.00313,  0.00313,  0.95000,  1.05000
+++ 420 s: Handling TapChange = -0.00625
2, 420.000, 1, 2,   1.00,  1.01875, -0.00625, -0.00313,  0.00313,  0.95000,  1.05000
+++ 480 s: Handling TapChange = -0.00625
2, 480.000, 1, 3,   1.00,  1.01563, -0.00625, -0.00313,  0.00313,  0.95000,  1.05000
+++ 540 s: Handling TapChange = -0.00625
2, 540.000, 1, 2,   1.00,  1.01250, -0.00625, -0.00313,  0.00313,  0.95000,  1.05000
+++ 1140 s: Handling TapChange = 0.00625
2, 1140.000, 1, 3,   1.00,  1.00938,  0.00625,  0.00313,  0.00313,  0.95000,  1.05000
+++ 1380 s: Handling TapChange = 0.009375
2, 1380.000, 1, 3,   1.00,  1.01250,  0.00938,  0.00625,  0.00313,  0.95000,  1.05000
+++ 1500 s: Handling TapChange = 0.003125
2, 1500.000, 1, 2,   1.00,  1.01875,  0.00313,  0.00313,  0.00313,  0.95000,  1.05000
+++ 1740 s: Handling TapChange = -0.00625
2, 1740.000, 1, 2,   1.00,  1.02188, -0.00625, -0.00313,  0.00313,  0.95000,  1.05000
+++ 2220 s: Handling TapChange = -0.003125
2, 2220.000, 1, 2,   1.00,  1.01875, -0.00313, -0.00313,  0.00313,  0.95000,  1.05000
+++ 3360 s: Handling TapChange = 0.00625
2, 3360.000, 1, 3,   1.00,  1.01563,  0.00625,  0.00313,  0.00313,  0.95000,  1.05000
+++ 3540 s: Handling TapChange = 0.00625
2, 3540.000, 1, 3,   1.00,  1.01875,  0.00625,  0.00313,  0.00313,  0.95000,  1.05000
+++ 420 s: Handling TapChange = -0.00625
3, 420.000, 1, 3,   1.00,  1.02188, -0.00625, -0.00313,  0.00313,  0.95000,  1.05000
+++ 480 s: Handling TapChange = -0.00625
3, 480.000, 1, 3,   1.00,  1.01875, -0.00625, -0.00313,  0.00313,  0.95000,  1.05000
+++ 540 s: Handling TapChange = -0.00625
3, 540.000, 1, 2,   1.00,  1.01563, -0.00625, -0.00313,  0.00313,  0.95000,  1.05000
+++ 1020 s: Handling TapChange = 0.00625
3, 1020.000, 1, 3,   1.00,  1.01250,  0.00625,  0.00313,  0.00313,  0.95000,  1.05000
+++ 1140 s: Handling TapChange = 0.003125
3, 1140.000, 1, 2,   1.00,  1.01563,  0.00313,  0.00313,  0.00313,  0.95000,  1.05000
+++ 1560 s: Handling TapChange = -0.003125
3, 1560.000, 1, 3,   1.00,  1.01875, -0.00313, -0.00313,  0.00313,  0.95000,  1.05000
+++ 1800 s: Handling TapChange = -0.00625
3, 1800.000, 1, 2,   1.00,  1.01563, -0.00625, -0.00313,  0.00313,  0.95000,  1.05000
+++ 1860 s: Handling TapChange = -0.00625
3, 1860.000, 1, 2,   1.00,  1.01250, -0.00625, -0.00313,  0.00313,  0.95000,  1.05000
+++ 1980 s: Handling TapChange = -0.003125
3, 1980.000, 1, 2,   1.00,  1.00938, -0.00313, -0.00313,  0.00313,  0.95000,  1.05000
+++ 2280 s: Handling TapChange = 0.00625
3, 2280.000, 1, 2,   1.00,  1.00625,  0.00625,  0.00313,  0.00313,  0.95000,  1.05000
+++ 3000 s: Handling TapChange = -0.003125
3, 3000.000, 1, 3,   1.00,  1.00938, -0.00313, -0.00313,  0.00313,  0.95000,  1.05000
+++ 1020 s: Handling TapChange = 0.009375
4, 1020.000, 1, 3,   1.00,  1.00625,  0.00938,  0.00625,  0.00313,  0.95000,  1.05000
+++ 1380 s: Handling TapChange = -0.00625
4, 1380.000, 1, 3,   1.00,  1.01250, -0.00625, -0.00313,  0.00313,  0.95000,  1.05000
+++ 1740 s: Handling TapChange = -0.00625
4, 1740.000, 1, 2,   1.00,  1.00938, -0.00625, -0.00313,  0.00313,  0.95000,  1.05000
+++ 1800 s: Handling TapChange = -0.003125
4, 1800.000, 1, 2,   1.00,  1.00625, -0.00313, -0.00313,  0.00313,  0.95000,  1.05000
+++ 2340 s: Handling TapChange = 0.00625
4, 2340.000, 1, 2,   1.00,  1.00313,  0.00625,  0.00313,  0.00313,  0.95000,  1.05000
+++ 2820 s: Handling TapChange = 0.003125
4, 2820.000, 1, 2,   1.00,  1.00625,  0.00313,  0.00313,  0.00313,  0.95000,  1.05000
+++ 3000 s: Handling TapChange = -0.00625
4, 3000.000, 1, 2,   1.00,  1.00938, -0.00625, -0.00313,  0.00313,  0.95000,  1.05000
+++ 3060 s: Handling TapChange = -0.00625
4, 3060.000, 1, 2,   1.00,  1.00625, -0.00625, -0.00313,  0.00313,  0.95000,  1.05000
+++ 3240 s: Handling TapChange = -0.003125
4, 3240.000, 1, 2,   1.00,  1.00313, -0.00313, -0.00313,  0.00313,  0.95000,  1.05000
+++ 60 s: Handling TapChange = 0.00625
5, 60.000, 1, 2,   1.00,  1.00000,  0.00625,  0.00313,  0.00313,  0.95000,  1.05000
+++ 1800 s: Handling TapChange = -0.003125
5, 1800.000, 1, 2,   1.00,  1.00313, -0.00313, -0.00313,  0.00313,  0.95000,  1.05000
+++ 2220 s: Handling TapChange = -0.003125
5, 2220.000, 1, 2,   1.00,  1.00000, -0.00313, -0.00313,  0.00313,  0.95000,  1.05000
+++ 2700 s: Handling TapChange = 0.00625
5, 2700.000, 1, 2,   1.00,  0.99688,  0.00625,  0.00313,  0.00313,  0.95000,  1.05000
+++ 2820 s: Handling TapChange = 0.00625
5, 2820.000, 1, 3,   1.00,  1.00000,  0.00625,  0.00313,  0.00313,  0.95000,  1.05000
+++ 2880 s: Handling TapChange = 0.003125
5, 2880.000, 1, 2,   1.00,  1.00313,  0.00313,  0.00313,  0.00313,  0.95000,  1.05000
+++ 3000 s: Handling TapChange = -0.00625
5, 3000.000, 1, 2,   1.00,  1.00625, -0.00625, -0.00313,  0.00313,  0.95000,  1.05000
+++ 3120 s: Handling TapChange = -0.003125
5, 3120.000, 1, 2,   1.00,  1.00313, -0.00313, -0.00313,  0.00313,  0.95000,  1.05000
+++ 3360 s: Handling TapChange = -0.003125
5, 3360.000, 1, 2,   1.00,  1.00000, -0.00313, -0.00313,  0.00313,  0.95000,  1.05000
+++ 240 s: Handling TapChange = 0.00625
6, 240.000, 1, 2,   1.00,  0.99688,  0.00625,  0.00313,  0.00313,  0.95000,  1.05000
+++ 300 s: Handling TapChange = 0.00625
6, 300.000, 1, 3,   1.00,  1.00000,  0.00625,  0.00313,  0.00313,  0.95000,  1.05000
+++ 540 s: Handling TapChange = -0.003125
6, 540.000, 1, 2,   1.00,  1.00313, -0.00313, -0.00313,  0.00313,  0.95000,  1.05000
+++ 1140 s: Handling TapChange = -0.003125
6, 1140.000, 1, 2,   1.00,  1.00000, -0.00313, -0.00313,  0.00313,  0.95000,  1.05000
+++ 2880 s: Handling TapChange = 0.00625
6, 2880.000, 1, 2,   1.00,  0.99688,  0.00625,  0.00313,  0.00313,  0.95000,  1.05000
+++ 3000 s: Handling TapChange = -0.00625
6, 3000.000, 1, 2,   1.00,  1.00000, -0.00625, -0.00313,  0.00313,  0.95000,  1.05000
+++ 3420 s: Handling TapChange = -0.00625
6, 3420.000, 1, 2,   1.00,  0.99688, -0.00625, -0.00313,  0.00313,  0.95000,  1.05000
+++ 540 s: Handling TapChange = 0.009375
7, 540.000, 1, 2,   1.00,  0.99375,  0.00938,  0.00625,  0.00313,  0.95000,  1.05000
+++ 1440 s: Handling TapChange = -0.003125
7, 1440.000, 1, 2,   1.00,  1.00000, -0.00313, -0.00313,  0.00313,  0.95000,  1.05000
+++ 1680 s: Handling TapChange = 0.003125
7, 1680.000, 1, 2,   1.00,  0.99688,  0.00313,  0.00313,  0.00313,  0.95000,  1.05000
+++ 1860 s: Handling TapChange = -0.00625
7, 1860.000, 1, 2,   1.00,  1.00000, -0.00625, -0.00313,  0.00313,  0.95000,  1.05000
+++ 1980 s: Handling TapChange = -0.003125
7, 1980.000, 1, 2,   1.00,  0.99688, -0.00313, -0.00313,  0.00313,  0.95000,  1.05000
+++ 2460 s: Handling TapChange = 0.00625
7, 2460.000, 1, 2,   1.00,  0.99375,  0.00625,  0.00313,  0.00313,  0.95000,  1.05000
+++ 2700 s: Handling TapChange = 0.00625
7, 2700.000, 1, 3,   1.00,  0.99688,  0.00625,  0.00313,  0.00313,  0.95000,  1.05000
+++ 3000 s: Handling TapChange = 0.00625
7, 3000.000, 1, 3,   1.00,  1.00000,  0.00625,  0.00313,  0.00313,  0.95000,  1.05000
+++ 3120 s: Handling TapChange = -0.00625
7, 3120.000, 1, 2,   1.00,  1.00313, -0.00625, -0.00313,  0.00313,  0.95000,  1.05000
+++ 3180 s: Handling TapChange = -0.00625
7, 3180.000, 1, 2,   1.00,  1.00000, -0.00625, -0.00313,  0.00313,  0.95000,  1.05000
+++ 3480 s: Handling TapChange = 0.00625
7, 3480.000, 1, 3,   1.00,  0.99687,  0.00625,  0.00313,  0.00313,  0.95000,  1.05000
+++ 60 s: Handling TapChange = -0.00625
8, 60.000, 1, 2,   1.00,  1.00000, -0.00625, -0.00313,  0.00313,  0.95000,  1.05000
+++ 180 s: Handling TapChange = -0.00625
8, 180.000, 1, 2,   1.00,  0.99687, -0.00625, -0.00313,  0.00313,  0.95000,  1.05000
+++ 300 s: Handling TapChange = 0.003125
8, 300.000, 1, 2,   1.00,  0.99375,  0.00313,  0.00313,  0.00313,  0.95000,  1.05000
+++ 540 s: Handling TapChange = 0.00625
8, 540.000, 1, 3,   1.00,  0.99687,  0.00625,  0.00313,  0.00313,  0.95000,  1.05000
+++ 600 s: Handling TapChange = 0.009375
8, 600.000, 1, 3,   1.00,  1.00000,  0.00938,  0.00625,  0.00313,  0.95000,  1.05000
+++ 660 s: Handling TapChange = 0.00625
8, 660.000, 1, 3,   1.00,  1.00625,  0.00625,  0.00313,  0.00313,  0.95000,  1.05000
+++ 900 s: Handling TapChange = -0.00625
8, 900.000, 1, 2,   1.00,  1.00938, -0.00625, -0.00313,  0.00313,  0.95000,  1.05000
+++ 960 s: Handling TapChange = -0.00625
8, 960.000, 1, 2,   1.00,  1.00625, -0.00625, -0.00313,  0.00313,  0.95000,  1.05000
+++ 1140 s: Handling TapChange = -0.009375
8, 1140.000, 1, 2,   1.00,  1.00313, -0.00938, -0.00625,  0.00313,  0.95000,  1.05000
+++ 1200 s: Handling TapChange = -0.00625
8, 1200.000, 1, 2,   1.00,  0.99688, -0.00625, -0.00313,  0.00313,  0.95000,  1.05000
+++ 1260 s: Handling TapChange = -0.00625
8, 1260.000, 1, 2,   1.00,  0.99375, -0.00625, -0.00313,  0.00313,  0.95000,  1.05000
+++ 1800 s: Handling TapChange = 0.003125
8, 1800.000, 1, 2,   1.00,  0.99062,  0.00313,  0.00313,  0.00313,  0.95000,  1.05000
+++ 2040 s: Handling TapChange = 0.009375
8, 2040.000, 1, 3,   1.00,  0.99375,  0.00938,  0.00625,  0.00313,  0.95000,  1.05000
+++ 2040 s: Handling TapChange = 0.003125
8, 2040.000, 2, 2,   1.00,  1.00000,  0.00313,  0.00313,  0.00313,  0.95000,  1.05000
+++ 2100 s: Handling TapChange = 0.009375
8, 2100.000, 1, 3,   1.00,  1.00313,  0.00938,  0.00625,  0.00313,  0.95000,  1.05000
+++ 2160 s: Handling TapChange = 0.00625
8, 2160.000, 1, 3,   1.00,  1.00938,  0.00625,  0.00313,  0.00313,  0.95000,  1.05000
+++ 2340 s: Handling TapChange = -0.009375
8, 2340.000, 1, 3,   1.00,  1.01250, -0.00938, -0.00625,  0.00313,  0.95000,  1.05000
+++ 2460 s: Handling TapChange = -0.003125
8, 2460.000, 1, 2,   1.00,  1.00625, -0.00313, -0.00313,  0.00313,  0.95000,  1.05000
+++ 2640 s: Handling TapChange = -0.00625
8, 2640.000, 1, 2,   1.00,  1.00313, -0.00625, -0.00313,  0.00313,  0.95000,  1.05000
+++ 2700 s: Handling TapChange = -0.0125
8, 2700.000, 1, 3,   1.00,  1.00000, -0.01250, -0.00625,  0.00313,  0.95000,  1.05000
+++ 2700 s: Handling TapChange = -0.00625
8, 2700.000, 2, 2,   1.00,  0.99375, -0.00625, -0.00313,  0.00313,  0.95000,  1.05000
+++ 2760 s: Handling TapChange = 0.00625
8, 2760.000, 1, 3,   1.00,  0.99062,  0.00625,  0.00313,  0.00313,  0.95000,  1.05000
+++ 2940 s: Handling TapChange = 0.00625
8, 2940.000, 1, 2,   1.00,  0.99375,  0.00625,  0.00313,  0.00313,  0.95000,  1.05000
+++ 3060 s: Handling TapChange = 0.009375
8, 3060.000, 1, 3,   1.00,  0.99688,  0.00938,  0.00625,  0.00313,  0.95000,  1.05000
+++ 3120 s: Handling TapChange = 0.00625
8, 3120.000, 1, 2,   1.00,  1.00313,  0.00625,  0.00313,  0.00313,  0.95000,  1.05000
+++ 3180 s: Handling TapChange = -0.00625
8, 3180.000, 1, 2,   1.00,  1.00625, -0.00625, -0.00313,  0.00313,  0.95000,  1.05000
+++ 3300 s: Handling TapChange = -0.00625
8, 3300.000, 1, 3,   1.00,  1.00313, -0.00625, -0.00313,  0.00313,  0.95000,  1.05000
+++ 3480 s: Handling TapChange = 0.003125
8, 3480.000, 1, 2,   1.00,  1.00000,  0.00313,  0.00313,  0.00313,  0.95000,  1.05000
+++ 180 s: Handling TapChange = -0.00625
9, 180.000, 1, 2,   1.00,  1.00313, -0.00625, -0.00313,  0.00313,  0.95000,  1.05000
+++ 240 s: Handling TapChange = -0.009375
9, 240.000, 1, 3,   1.00,  1.00000, -0.00938, -0.00625,  0.00313,  0.95000,  1.05000
+++ 480 s: Handling TapChange = -0.00625
9, 480.000, 1, 3,   1.00,  0.99375, -0.00625, -0.00313,  0.00313,  0.95000,  1.05000
+++ 540 s: Handling TapChange = -0.003125
9, 540.000, 1, 2,   1.00,  0.99062, -0.00313, -0.00313,  0.00313,  0.95000,  1.05000
+++ 600 s: Handling TapChange = 0.00625
9, 600.000, 1, 3,   1.00,  0.98750,  0.00625,  0.00313,  0.00313,  0.95000,  1.05000
+++ 660 s: Handling TapChange = 0.009375
9, 660.000, 1, 3,   1.00,  0.99062,  0.00938,  0.00625,  0.00313,  0.95000,  1.05000
+++ 780 s: Handling TapChange = -0.003125
9, 780.000, 1, 3,   1.00,  0.99687, -0.00313, -0.00313,  0.00313,  0.95000,  1.05000
+++ 900 s: Handling TapChange = -0.00625
9, 900.000, 1, 3,   1.00,  0.99375, -0.00625, -0.00313,  0.00313,  0.95000,  1.05000
+++ 1200 s: Handling TapChange = 0.009375
9, 1200.000, 1, 2,   1.00,  0.99062,  0.00938,  0.00625,  0.00313,  0.95000,  1.05000
+++ 1320 s: Handling TapChange = 0.00625
9, 1320.000, 1, 2,   1.00,  0.99687,  0.00625,  0.00313,  0.00313,  0.95000,  1.05000
+++ 1380 s: Handling TapChange = 0.009375
9, 1380.000, 1, 3,   1.00,  1.00000,  0.00938,  0.00625,  0.00313,  0.95000,  1.05000
+++ 1500 s: Handling TapChange = 0.009375
9, 1500.000, 1, 3,   1.00,  1.00625,  0.00938,  0.00625,  0.00313,  0.95000,  1.05000
+++ 1740 s: Handling TapChange = -0.00625
9, 1740.000, 1, 2,   1.00,  1.01250, -0.00625, -0.00313,  0.00313,  0.95000,  1.05000
+++ 1800 s: Handling TapChange = -0.00625
9, 1800.000, 1, 2,   1.00,  1.00938, -0.00625, -0.00313,  0.00313,  0.95000,  1.05000
+++ 2100 s: Handling TapChange = -0.00625
9, 2100.000, 1, 2,   1.00,  1.00625, -0.00625, -0.00313,  0.00313,  0.95000,  1.05000
+++ 2160 s: Handling TapChange = -0.009375
9, 2160.000, 1, 3,   1.00,  1.00313, -0.00938, -0.00625,  0.00313,  0.95000,  1.05000
+++ 2280 s: Handling TapChange = 0.009375
9, 2280.000, 1, 3,   1.00,  0.99687,  0.00938,  0.00625,  0.00313,  0.95000,  1.05000
+++ 2520 s: Handling TapChange = 0.00625
9, 2520.000, 1, 2,   1.00,  1.00313,  0.00625,  0.00313,  0.00313,  0.95000,  1.05000
+++ 2580 s: Handling TapChange = 0.00625
9, 2580.000, 1, 3,   1.00,  1.00625,  0.00625,  0.00313,  0.00313,  0.95000,  1.05000
+++ 2580 s: Handling TapChange = 0.003125
9, 2580.000, 2, 3,   1.00,  1.00938,  0.00313,  0.00313,  0.00313,  0.95000,  1.05000
+++ 2640 s: Handling TapChange = 0.00625
9, 2640.000, 1, 3,   1.00,  1.01250,  0.00625,  0.00313,  0.00313,  0.95000,  1.05000
+++ 3060 s: Handling TapChange = -0.00625
9, 3060.000, 1, 3,   1.00,  1.01563, -0.00625, -0.00313,  0.00313,  0.95000,  1.05000
+++ 3120 s: Handling TapChange = -0.003125
9, 3120.000, 1, 2,   1.00,  1.01250, -0.00313, -0.00313,  0.00313,  0.95000,  1.05000
+++ 3360 s: Handling TapChange = -0.00625
9, 3360.000, 1, 2,   1.00,  1.00938, -0.00625, -0.00313,  0.00313,  0.95000,  1.05000
+++ 3540 s: Handling TapChange = -0.00625
9, 3540.000, 1, 3,   1.00,  1.00625, -0.00625, -0.00313,  0.00313,  0.95000,  1.05000
+++ 60 s: Handling TapChange = 0.00625
10, 60.000, 1, 3,   1.00,  1.00313,  0.00625,  0.00313,  0.00313,  0.95000,  1.05000
+++ 120 s: Handling TapChange = -0.00625
10, 120.000, 1, 3,   1.00,  1.00625, -0.00625, -0.00313,  0.00313,  0.95000,  1.05000
+++ 480 s: Handling TapChange = 0.009375
10, 480.000, 1, 3,   1.00,  1.00313,  0.00938,  0.00625,  0.00313,  0.95000,  1.05000
+++ 480 s: Handling TapChange = 0.003125
10, 480.000, 2, 3,   1.00,  1.00938,  0.00313,  0.00313,  0.00313,  0.95000,  1.05000
+++ 540 s: Handling TapChange = -0.00625
10, 540.000, 1, 2,   1.00,  1.01250, -0.00625, -0.00313,  0.00313,  0.95000,  1.05000
+++ 540 s: Handling TapChange = -0.003125
10, 540.000, 2, 2,   1.00,  1.00938, -0.00313, -0.00313,  0.00313,  0.95000,  1.05000
+++ 660 s: Handling TapChange = -0.00625
10, 660.000, 1, 2,   1.00,  1.00625, -0.00625, -0.00313,  0.00313,  0.95000,  1.05000
+++ 780 s: Handling TapChange = 0.00625
10, 780.000, 1, 2,   1.00,  1.00313,  0.00625,  0.00313,  0.00313,  0.95000,  1.05000
+++ 840 s: Handling TapChange = 0.00625
10, 840.000, 1, 3,   1.00,  1.00625,  0.00625,  0.00313,  0.00313,  0.95000,  1.05000
+++ 900 s: Handling TapChange = -0.009375
10, 900.000, 1, 3,   1.00,  1.00938, -0.00938, -0.00625,  0.00313,  0.95000,  1.05000
+++ 1140 s: Handling TapChange = -0.00625
10, 1140.000, 1, 2,   1.00,  1.00313, -0.00625, -0.00313,  0.00313,  0.95000,  1.05000
+++ 1200 s: Handling TapChange = 0.00625
10, 1200.000, 1, 3,   1.00,  1.00000,  0.00625,  0.00313,  0.00313,  0.95000,  1.05000
+++ 1260 s: Handling TapChange = 0.00625
10, 1260.000, 1, 3,   1.00,  1.00313,  0.00625,  0.00313,  0.00313,  0.95000,  1.05000
+++ 1380 s: Handling TapChange = -0.009375
10, 1380.000, 1, 3,   1.00,  1.00625, -0.00938, -0.00625,  0.00313,  0.95000,  1.05000
+++ 1500 s: Handling TapChange = 0.009375
10, 1500.000, 1, 3,   1.00,  1.00000,  0.00938,  0.00625,  0.00313,  0.95000,  1.05000
+++ 1560 s: Handling TapChange = 0.00625
10, 1560.000, 1, 3,   1.00,  1.00625,  0.00625,  0.00313,  0.00313,  0.95000,  1.05000
+++ 2160 s: Handling TapChange = -0.003125
10, 2160.000, 1, 2,   1.00,  1.00938, -0.00313, -0.00313,  0.00313,  0.95000,  1.05000
+++ 2520 s: Handling TapChange = 0.00625
10, 2520.000, 1, 2,   1.00,  1.00625,  0.00625,  0.00313,  0.00313,  0.95000,  1.05000
+++ 2940 s: Handling TapChange = -0.003125
10, 2940.000, 1, 2,   1.00,  1.00938, -0.00313, -0.00313,  0.00313,  0.95000,  1.05000
+++ 3000 s: Handling TapChange = -0.00625
10, 3000.000, 1, 3,   1.00,  1.00625, -0.00625, -0.00313,  0.00313,  0.95000,  1.05000
+++ 3180 s: Handling TapChange = 0.00625
10, 3180.000, 1, 3,   1.00,  1.00313,  0.00625,  0.00313,  0.00313,  0.95000,  1.05000
+++ 3240 s: Handling TapChange = -0.00625
10, 3240.000, 1, 3,   1.00,  1.00625, -0.00625, -0.00313,  0.00313,  0.95000,  1.05000
+++ 3360 s: Handling TapChange = -0.009375
10, 3360.000, 1, 2,   1.00,  1.00313, -0.00938, -0.00625,  0.00313,  0.95000,  1.05000
+++ 3420 s: Handling TapChange = -0.00625
10, 3420.000, 1, 3,   1.00,  0.99687, -0.00625, -0.00313,  0.00313,  0.95000,  1.05000
+++ 0 s: Handling TapChange = 0.00625
11, 0.000, 1, 3,   1.00,  0.99375,  0.00625,  0.00313,  0.00313,  0.95000,  1.05000
+++ 0 s: Handling TapChange = 0.003125
11, 0.000, 2, 2,   1.00,  0.99687,  0.00313,  0.00313,  0.00313,  0.95000,  1.05000
+++ 60 s: Handling TapChange = -0.009375
11, 60.000, 1, 3,   1.00,  1.00000, -0.00938, -0.00625,  0.00313,  0.95000,  1.05000
+++ 180 s: Handling TapChange = 0.0125
11, 180.000, 1, 3,   1.00,  0.99375,  0.01250,  0.00625,  0.00313,  0.95000,  1.05000
+++ 180 s: Handling TapChange = 0.00625
11, 180.000, 2, 2,   1.00,  1.00000,  0.00625,  0.00313,  0.00313,  0.95000,  1.05000
+++ 240 s: Handling TapChange = 0.003125
11, 240.000, 1, 2,   1.00,  1.00313,  0.00313,  0.00313,  0.00313,  0.95000,  1.05000
+++ 300 s: Handling TapChange = 0.00625
11, 300.000, 1, 3,   1.00,  1.00625,  0.00625,  0.00313,  0.00313,  0.95000,  1.05000
+++ 480 s: Handling TapChange = -0.00625
11, 480.000, 1, 2,   1.00,  1.00938, -0.00625, -0.00313,  0.00313,  0.95000,  1.05000
+++ 540 s: Handling TapChange = -0.00625
11, 540.000, 1, 2,   1.00,  1.00625, -0.00625, -0.00313,  0.00313,  0.95000,  1.05000
+++ 600 s: Handling TapChange = 0.00625
11, 600.000, 1, 3,   1.00,  1.00313,  0.00625,  0.00313,  0.00313,  0.95000,  1.05000
+++ 780 s: Handling TapChange = -0.00625
11, 780.000, 1, 2,   1.00,  1.00625, -0.00625, -0.00313,  0.00313,  0.95000,  1.05000
+++ 900 s: Handling TapChange = 0.00625
11, 900.000, 1, 3,   1.00,  1.00313,  0.00625,  0.00313,  0.00313,  0.95000,  1.05000
+++ 960 s: Handling TapChange = -0.00625
11, 960.000, 1, 3,   1.00,  1.00625, -0.00625, -0.00313,  0.00313,  0.95000,  1.05000
+++ 1140 s: Handling TapChange = -0.00625
11, 1140.000, 1, 2,   1.00,  1.00313, -0.00625, -0.00313,  0.00313,  0.95000,  1.05000
+++ 1140 s: Handling TapChange = -0.003125
11, 1140.000, 2, 2,   1.00,  1.00000, -0.00313, -0.00313,  0.00313,  0.95000,  1.05000
+++ 1260 s: Handling TapChange = 0.00625
11, 1260.000, 1, 3,   1.00,  0.99687,  0.00625,  0.00313,  0.00313,  0.95000,  1.05000
+++ 1800 s: Handling TapChange = 0.0125
11, 1800.000, 1, 3,   1.00,  1.00000,  0.01250,  0.00625,  0.00313,  0.95000,  1.05000
+++ 1800 s: Handling TapChange = 0.00625
11, 1800.000, 2, 3,   1.00,  1.00625,  0.00625,  0.00313,  0.00313,  0.95000,  1.05000
+++ 2040 s: Handling TapChange = -0.00625
11, 2040.000, 1, 2,   1.00,  1.00938, -0.00625, -0.00313,  0.00313,  0.95000,  1.05000
+++ 2160 s: Handling TapChange = -0.00625
11, 2160.000, 1, 2,   1.00,  1.00625, -0.00625, -0.00313,  0.00313,  0.95000,  1.05000
+++ 2400 s: Handling TapChange = 0.003125
11, 2400.000, 1, 3,   1.00,  1.00313,  0.00313,  0.00313,  0.00313,  0.95000,  1.05000
+++ 2520 s: Handling TapChange = 0.009375
11, 2520.000, 1, 3,   1.00,  1.00625,  0.00938,  0.00625,  0.00313,  0.95000,  1.05000
+++ 2580 s: Handling TapChange = -0.003125
11, 2580.000, 1, 3,   1.00,  1.01250, -0.00313, -0.00313,  0.00313,  0.95000,  1.05000
+++ 2640 s: Handling TapChange = 0.00625
11, 2640.000, 1, 3,   1.00,  1.00938,  0.00625,  0.00313,  0.00313,  0.95000,  1.05000
+++ 2700 s: Handling TapChange = 0.003125
11, 2700.000, 1, 2,   1.00,  1.01250,  0.00313,  0.00313,  0.00313,  0.95000,  1.05000
+++ 2940 s: Handling TapChange = 0.00625
11, 2940.000, 1, 3,   1.00,  1.01563,  0.00625,  0.00313,  0.00313,  0.95000,  1.05000
+++ 3120 s: Handling TapChange = 0.00625
11, 3120.000, 1, 3,   1.00,  1.01875,  0.00625,  0.00313,  0.00313,  0.95000,  1.05000
+++ 3240 s: Handling TapChange = -0.009375
11, 3240.000, 1, 3,   1.00,  1.02188, -0.00938, -0.00625,  0.00313,  0.95000,  1.05000
+++ 3240 s: Handling TapChange = -0.003125
11, 3240.000, 2, 3,   1.00,  1.01563, -0.00313, -0.00313,  0.00313,  0.95000,  1.05000
+++ 3360 s: Handling TapChange = -0.003125
11, 3360.000, 1, 2,   1.00,  1.01250, -0.00313, -0.00313,  0.00313,  0.95000,  1.05000
+++ 3480 s: Handling TapChange = 0.00625
11, 3480.000, 1, 2,   1.00,  1.00938,  0.00625,  0.00313,  0.00313,  0.95000,  1.05000
+++ 300 s: Handling TapChange = -0.00625
12, 300.000, 1, 2,   1.00,  1.01250, -0.00625, -0.00313,  0.00313,  0.95000,  1.05000
+++ 300 s: Handling TapChange = -0.003125
12, 300.000, 2, 2,   1.00,  1.00938, -0.00313, -0.00313,  0.00313,  0.95000,  1.05000
+++ 360 s: Handling TapChange = -0.003125
12, 360.000, 1, 2,   1.00,  1.00625, -0.00313, -0.00313,  0.00313,  0.95000,  1.05000
+++ 420 s: Handling TapChange = -0.00625
12, 420.000, 1, 2,   1.00,  1.00313, -0.00625, -0.00313,  0.00313,  0.95000,  1.05000
+++ 480 s: Handling TapChange = -0.003125
12, 480.000, 1, 2,   1.00,  1.00000, -0.00313, -0.00313,  0.00313,  0.95000,  1.05000
+++ 780 s: Handling TapChange = 0.009375
12, 780.000, 1, 3,   1.00,  0.99687,  0.00938,  0.00625,  0.00313,  0.95000,  1.05000
+++ 840 s: Handling TapChange = 0.00625
12, 840.000, 1, 2,   1.00,  1.00313,  0.00625,  0.00313,  0.00313,  0.95000,  1.05000
+++ 1020 s: Handling TapChange = 0.00625
12, 1020.000, 1, 3,   1.00,  1.00625,  0.00625,  0.00313,  0.00313,  0.95000,  1.05000
+++ 1080 s: Handling TapChange = 0.009375
12, 1080.000, 1, 3,   1.00,  1.00938,  0.00938,  0.00625,  0.00313,  0.95000,  1.05000
+++ 1140 s: Handling TapChange = 0.003125
12, 1140.000, 1, 2,   1.00,  1.01563,  0.00313,  0.00313,  0.00313,  0.95000,  1.05000
+++ 1200 s: Handling TapChange = 0.0125
12, 1200.000, 1, 3,   1.00,  1.01875,  0.01250,  0.00625,  0.00313,  0.95000,  1.05000
+++ 1200 s: Handling TapChange = 0.00625
12, 1200.000, 2, 3,   1.00,  1.02500,  0.00625,  0.00313,  0.00313,  0.95000,  1.05000
+++ 1380 s: Handling TapChange = -0.015625
12, 1380.000, 1, 2,   1.00,  1.02813, -0.01563, -0.00938,  0.00313,  0.95000,  1.05000
+++ 1380 s: Handling TapChange = -0.00625
12, 1380.000, 2, 3,   1.00,  1.01875, -0.00625, -0.00313,  0.00313,  0.95000,  1.05000
+++ 1560 s: Handling TapChange = -0.0125
12, 1560.000, 1, 3,   1.00,  1.01563, -0.01250, -0.00625,  0.00313,  0.95000,  1.05000
+++ 1560 s: Handling TapChange = -0.00625
12, 1560.000, 2, 2,   1.00,  1.00938, -0.00625, -0.00313,  0.00313,  0.95000,  1.05000
+++ 1620 s: Handling TapChange = -0.00625
12, 1620.000, 1, 2,   1.00,  1.00625, -0.00625, -0.00313,  0.00313,  0.95000,  1.05000
+++ 1920 s: Handling TapChange = -0.003125
12, 1920.000, 1, 2,   1.00,  1.00313, -0.00313, -0.00313,  0.00313,  0.95000,  1.05000
+++ 1980 s: Handling TapChange = -0.00625
12, 1980.000, 1, 2,   1.00,  1.00000, -0.00625, -0.00313,  0.00313,  0.95000,  1.05000
+++ 2280 s: Handling TapChange = 0.009375
12, 2280.000, 1, 3,   1.00,  0.99687,  0.00938,  0.00625,  0.00313,  0.95000,  1.05000
+++ 2280 s: Handling TapChange = 0.00625
12, 2280.000, 2, 3,   1.00,  1.00313,  0.00625,  0.00313,  0.00313,  0.95000,  1.05000
+++ 2340 s: Handling TapChange = 0.009375
12, 2340.000, 1, 3,   1.00,  1.00625,  0.00938,  0.00625,  0.00313,  0.95000,  1.05000
+++ 2460 s: Handling TapChange = -0.00625
12, 2460.000, 1, 2,   1.00,  1.01250, -0.00625, -0.00313,  0.00313,  0.95000,  1.05000
+++ 2580 s: Handling TapChange = 0.009375
12, 2580.000, 1, 3,   1.00,  1.00938,  0.00938,  0.00625,  0.00313,  0.95000,  1.05000
+++ 2640 s: Handling TapChange = -0.00625
12, 2640.000, 1, 2,   1.00,  1.01563, -0.00625, -0.00313,  0.00313,  0.95000,  1.05000
+++ 2760 s: Handling TapChange = 0.009375
12, 2760.000, 1, 3,   1.00,  1.01250,  0.00938,  0.00625,  0.00313,  0.95000,  1.05000
+++ 2880 s: Handling TapChange = -0.009375
12, 2880.000, 1, 2,   1.00,  1.01875, -0.00938, -0.00625,  0.00313,  0.95000,  1.05000
+++ 3300 s: Handling TapChange = -0.009375
12, 3300.000, 1, 2,   1.00,  1.01250, -0.00938, -0.00625,  0.00313,  0.95000,  1.05000
+++ 3420 s: Handling TapChange = 0.00625
12, 3420.000, 1, 3,   1.00,  1.00625,  0.00625,  0.00313,  0.00313,  0.95000,  1.05000
+++ 180 s: Handling TapChange = -0.00625
13, 180.000, 1, 2,   1.00,  1.00938, -0.00625, -0.00313,  0.00313,  0.95000,  1.05000
+++ 360 s: Handling TapChange = 0.00625
13, 360.000, 1, 3,   1.00,  1.00625,  0.00625,  0.00313,  0.00313,  0.95000,  1.05000
+++ 360 s: Handling TapChange = 0.003125
13, 360.000, 2, 2,   1.00,  1.00938,  0.00313,  0.00313,  0.00313,  0.95000,  1.05000
+++ 420 s: Handling TapChange = 0.003125
13, 420.000, 1, 3,   1.00,  1.01250,  0.00313,  0.00313,  0.00313,  0.95000,  1.05000
+++ 660 s: Handling TapChange = 0.00625
13, 660.000, 1, 3,   1.00,  1.01563,  0.00625,  0.00313,  0.00313,  0.95000,  1.05000
+++ 780 s: Handling TapChange = -0.00625
13, 780.000, 1, 3,   1.00,  1.01875, -0.00625, -0.00313,  0.00313,  0.95000,  1.05000
+++ 900 s: Handling TapChange = 0.00625
13, 900.000, 1, 3,   1.00,  1.01563,  0.00625,  0.00313,  0.00313,  0.95000,  1.05000
+++ 900 s: Handling TapChange = 0.003125
13, 900.000, 2, 3,   1.00,  1.01875,  0.00313,  0.00313,  0.00313,  0.95000,  1.05000
+++ 1080 s: Handling TapChange = 0.003125
13, 1080.000, 1, 2,   1.00,  1.02188,  0.00313,  0.00313,  0.00313,  0.95000,  1.05000
+++ 1440 s: Handling TapChange = 0.003125
13, 1440.000, 1, 3,   1.00,  1.02500,  0.00313,  0.00313,  0.00313,  0.95000,  1.05000
+++ 1680 s: Handling TapChange = -0.003125
13, 1680.000, 1, 2,   1.00,  1.02813, -0.00313, -0.00313,  0.00313,  0.95000,  1.05000
+++ 1740 s: Handling TapChange = -0.00625
13, 1740.000, 1, 3,   1.00,  1.02500, -0.00625, -0.00313,  0.00313,  0.95000,  1.05000
+++ 1920 s: Handling TapChange = -0.003125
13, 1920.000, 1, 2,   1.00,  1.02188, -0.00313, -0.00313,  0.00313,  0.95000,  1.05000
+++ 2340 s: Handling TapChange = 0.00625
13, 2340.000, 1, 3,   1.00,  1.01875,  0.00625,  0.00313,  0.00313,  0.95000,  1.05000
+++ 2460 s: Handling TapChange = 0.00625
13, 2460.000, 1, 3,   1.00,  1.02188,  0.00625,  0.00313,  0.00313,  0.95000,  1.05000
+++ 2460 s: Handling TapChange = 0.003125
13, 2460.000, 2, 3,   1.00,  1.02500,  0.00313,  0.00313,  0.00313,  0.95000,  1.05000
+++ 2520 s: Handling TapChange = 0.00625
13, 2520.000, 1, 3,   1.00,  1.02813,  0.00625,  0.00313,  0.00313,  0.95000,  1.05000
+++ 2520 s: Handling TapChange = 0.003125
13, 2520.000, 2, 3,   1.00,  1.03125,  0.00313,  0.00313,  0.00313,  0.95000,  1.05000
+++ 2820 s: Handling TapChange = -0.003125
13, 2820.000, 1, 2,   1.00,  1.03438, -0.00313, -0.00313,  0.00313,  0.95000,  1.05000
+++ 120 s: Handling TapChange = -0.003125
14, 120.000, 1, 3,   1.00,  1.03125, -0.00313, -0.00313,  0.00313,  0.95000,  1.05000
+++ 180 s: Handling TapChange = -0.003125
14, 180.000, 1, 3,   1.00,  1.02813, -0.00313, -0.00313,  0.00313,  0.95000,  1.05000
+++ 240 s: Handling TapChange = -0.00625
14, 240.000, 1, 3,   1.00,  1.02500, -0.00625, -0.00313,  0.00313,  0.95000,  1.05000
+++ 420 s: Handling TapChange = -0.00625
14, 420.000, 1, 3,   1.00,  1.02188, -0.00625, -0.00313,  0.00313,  0.95000,  1.05000
+++ 480 s: Handling TapChange = -0.009375
14, 480.000, 1, 2,   1.00,  1.01875, -0.00938, -0.00625,  0.00313,  0.95000,  1.05000
+++ 540 s: Handling TapChange = 0.00625
14, 540.000, 1, 3,   1.00,  1.01250,  0.00625,  0.00313,  0.00313,  0.95000,  1.05000
+++ 600 s: Handling TapChange = 0.00625
14, 600.000, 1, 3,   1.00,  1.01563,  0.00625,  0.00313,  0.00313,  0.95000,  1.05000
+++ 840 s: Handling TapChange = 0.00625
14, 840.000, 1, 3,   1.00,  1.01875,  0.00625,  0.00313,  0.00313,  0.95000,  1.05000
+++ 960 s: Handling TapChange = 0.003125
14, 960.000, 1, 3,   1.00,  1.02188,  0.00313,  0.00313,  0.00313,  0.95000,  1.05000
+++ 1140 s: Handling TapChange = -0.00625
14, 1140.000, 1, 3,   1.00,  1.02500, -0.00625, -0.00313,  0.00313,  0.95000,  1.05000
+++ 1260 s: Handling TapChange = 0.00625
14, 1260.000, 1, 3,   1.00,  1.02188,  0.00625,  0.00313,  0.00313,  0.95000,  1.05000
+++ 1560 s: Handling TapChange = 0.00625
14, 1560.000, 1, 3,   1.00,  1.02500,  0.00625,  0.00313,  0.00313,  0.95000,  1.05000
+++ 1680 s: Handling TapChange = 0.003125
14, 1680.000, 1, 3,   1.00,  1.02813,  0.00313,  0.00313,  0.00313,  0.95000,  1.05000
+++ 1800 s: Handling TapChange = 0.003125
14, 1800.000, 1, 2,   1.00,  1.03125,  0.00313,  0.00313,  0.00313,  0.95000,  1.05000
+++ 1920 s: Handling TapChange = -0.00625
14, 1920.000, 1, 3,   1.00,  1.03438, -0.00625, -0.00313,  0.00313,  0.95000,  1.05000
+++ 1980 s: Handling TapChange = -0.003125
14, 1980.000, 1, 3,   1.00,  1.03125, -0.00313, -0.00313,  0.00313,  0.95000,  1.05000
+++ 2280 s: Handling TapChange = 0.00625
14, 2280.000, 1, 3,   1.00,  1.02813,  0.00625,  0.00313,  0.00313,  0.95000,  1.05000
+++ 2400 s: Handling TapChange = 0.00625
14, 2400.000, 1, 3,   1.00,  1.03125,  0.00625,  0.00313,  0.00313,  0.95000,  1.05000
+++ 2460 s: Handling TapChange = 0.003125
14, 2460.000, 1, 2,   1.00,  1.03438,  0.00313,  0.00313,  0.00313,  0.95000,  1.05000
+++ 2640 s: Handling TapChange = -0.00625
14, 2640.000, 1, 2,   1.00,  1.03750, -0.00625, -0.00313,  0.00313,  0.95000,  1.05000
+++ 2760 s: Handling TapChange = -0.003125
14, 2760.000, 1, 2,   1.00,  1.03438, -0.00313, -0.00313,  0.00313,  0.95000,  1.05000
+++ 2820 s: Handling TapChange = -0.00625
14, 2820.000, 1, 3,   1.00,  1.03125, -0.00625, -0.00313,  0.00313,  0.95000,  1.05000
+++ 3060 s: Handling TapChange = 0.003125
14, 3060.000, 1, 2,   1.00,  1.02813,  0.00313,  0.00313,  0.00313,  0.95000,  1.05000
+++ 120 s: Handling TapChange = 0.00625
15, 120.000, 1, 3,   1.00,  1.03125,  0.00625,  0.00313,  0.00313,  0.95000,  1.05000
+++ 180 s: Handling TapChange = 0.00625
15, 180.000, 1, 3,   1.00,  1.03438,  0.00625,  0.00313,  0.00313,  0.95000,  1.05000
+++ 780 s: Handling TapChange = 0.00625
15, 780.000, 1, 3,   1.00,  1.03750,  0.00625,  0.00313,  0.00313,  0.95000,  1.05000
+++ 1080 s: Handling TapChange = -0.009375
15, 1080.000, 1, 3,   1.00,  1.04063, -0.00938, -0.00625,  0.00313,  0.95000,  1.05000
+++ 1440 s: Handling TapChange = 0.009375
15, 1440.000, 1, 3,   1.00,  1.03438,  0.00938,  0.00625,  0.00313,  0.95000,  1.05000
+++ 2160 s: Handling TapChange = -0.003125
15, 2160.000, 1, 2,   1.00,  1.04063, -0.00313, -0.00313,  0.00313,  0.95000,  1.05000
+++ 2820 s: Handling TapChange = -0.003125
15, 2820.000, 1, 2,   1.00,  1.03750, -0.00313, -0.00313,  0.00313,  0.95000,  1.05000
+++ 3360 s: Handling TapChange = -0.00625
15, 3360.000, 1, 3,   1.00,  1.03438, -0.00625, -0.00313,  0.00313,  0.95000,  1.05000
+++ 0 s: Handling TapChange = 0.0125
16, 0.000, 1, 3,   1.00,  1.03125,  0.01250,  0.00625,  0.00313,  0.95000,  1.05000
+++ 0 s: Handling TapChange = 0.00625
16, 0.000, 2, 3,   1.00,  1.03750,  0.00625,  0.00313,  0.00313,  0.95000,  1.05000
+++ 0 s: Handling TapChange = 0.003125
16, 0.000, 3, 3,   1.00,  1.04063,  0.00313,  0.00313,  0.00313,  0.95000,  1.05000
+++ 120 s: Handling TapChange = -0.00625
16, 120.000, 1, 3,   1.00,  1.04375, -0.00625, -0.00313,  0.00313,  0.95000,  1.05000
+++ 120 s: Handling TapChange = -0.003125
16, 120.000, 2, 3,   1.00,  1.04063, -0.00313, -0.00313,  0.00313,  0.95000,  1.05000
+++ 240 s: Handling TapChange = 0.00625
16, 240.000, 1, 3,   1.00,  1.03750,  0.00625,  0.00313,  0.00313,  0.95000,  1.05000
+++ 240 s: Handling TapChange = 0.00625
16, 240.000, 2, 3,   1.00,  1.04063,  0.00625,  0.00313,  0.00313,  0.95000,  1.05000
+++ 300 s: Handling TapChange = 0.00625
16, 300.000, 1, 3,   1.00,  1.04375,  0.00625,  0.00313,  0.00313,  0.95000,  1.05000
+++ 420 s: Handling TapChange = -0.00625
16, 420.000, 1, 3,   1.00,  1.04688, -0.00625, -0.00313,  0.00313,  0.95000,  1.05000
+++ 480 s: Handling TapChange = -0.00625
16, 480.000, 1, 3,   1.00,  1.04375, -0.00625, -0.00313,  0.00313,  0.95000,  1.05000
+++ 780 s: Handling TapChange = 0.0125
16, 780.000, 1, 3,   1.00,  1.04063,  0.01250,  0.00625,  0.00313,  0.95000,  1.05000
+++ 780 s: Handling TapChange = 0.00625
16, 780.000, 2, 3,   1.00,  1.04688,  0.00625,  0.00313,  0.00313,  0.95000,  1.05000
+++ 960 s: Handling TapChange = -0.003125
16, 960.000, 1, 3,   1.00,  1.05000, -0.00313, -0.00313,  0.00313,  0.95000,  1.05000
+++ 1020 s: Handling TapChange = -0.009375
16, 1020.000, 1, 3,   1.00,  1.04688, -0.00938, -0.00625,  0.00313,  0.95000,  1.05000
+++ 1020 s: Handling TapChange = -0.00625
16, 1020.000, 2, 3,   1.00,  1.04063, -0.00625, -0.00313,  0.00313,  0.95000,  1.05000
+++ 1080 s: Handling TapChange = -0.003125
16, 1080.000, 1, 3,   1.00,  1.03750, -0.00313, -0.00313,  0.00313,  0.95000,  1.05000
+++ 1140 s: Handling TapChange = 0.00625
16, 1140.000, 1, 3,   1.00,  1.03438,  0.00625,  0.00313,  0.00313,  0.95000,  1.05000
+++ 1440 s: Handling TapChange = 0.003125
16, 1440.000, 1, 3,   1.00,  1.03750,  0.00313,  0.00313,  0.00313,  0.95000,  1.05000
+++ 1560 s: Handling TapChange = -0.00625
16, 1560.000, 1, 3,   1.00,  1.04063, -0.00625, -0.00313,  0.00313,  0.95000,  1.05000
+++ 1800 s: Handling TapChange = 0.00625
16, 1800.000, 1, 3,   1.00,  1.03750,  0.00625,  0.00313,  0.00313,  0.95000,  1.05000
+++ 1860 s: Handling TapChange = -0.00625
16, 1860.000, 1, 3,   1.00,  1.04063, -0.00625, -0.00313,  0.00313,  0.95000,  1.05000
+++ 1920 s: Handling TapChange = -0.00625
16, 1920.000, 1, 2,   1.00,  1.03750, -0.00625, -0.00313,  0.00313,  0.95000,  1.05000
+++ 2160 s: Handling TapChange = 0.00625
16, 2160.000, 1, 3,   1.00,  1.03438,  0.00625,  0.00313,  0.00313,  0.95000,  1.05000
+++ 2580 s: Handling TapChange = 0.00625
16, 2580.000, 1, 3,   1.00,  1.03750,  0.00625,  0.00313,  0.00313,  0.95000,  1.05000
+++ 2580 s: Handling TapChange = 0.003125
16, 2580.000, 2, 3,   1.00,  1.04063,  0.00313,  0.00313,  0.00313,  0.95000,  1.05000
+++ 2760 s: Handling TapChange = 0.003125
16, 2760.000, 1, 2,   1.00,  1.04375,  0.00313,  0.00313,  0.00313,  0.95000,  1.05000
+++ 3120 s: Handling TapChange = -0.00625
16, 3120.000, 1, 3,   1.00,  1.04688, -0.00625, -0.00313,  0.00313,  0.95000,  1.05000
+++ 3240 s: Handling TapChange = -0.00625
16, 3240.000, 1, 3,   1.00,  1.04375, -0.00625, -0.00313,  0.00313,  0.95000,  1.05000
+++ 3540 s: Handling TapChange = 0.00625
16, 3540.000, 1, 3,   1.00,  1.04063,  0.00625,  0.00313,  0.00313,  0.95000,  1.05000
+++ 180 s: Handling TapChange = -0.00625
17, 180.000, 1, 3,   1.00,  1.04375, -0.00625, -0.00313,  0.00313,  0.95000,  1.05000
+++ 240 s: Handling TapChange = -0.00625
17, 240.000, 1, 3,   1.00,  1.04063, -0.00625, -0.00313,  0.00313,  0.95000,  1.05000
+++ 240 s: Handling TapChange = -0.003125
17, 240.000, 2, 3,   1.00,  1.03750, -0.00313, -0.00313,  0.00313,  0.95000,  1.05000
+++ 420 s: Handling TapChange = -0.003125
17, 420.000, 1, 3,   1.00,  1.03438, -0.00313, -0.00313,  0.00313,  0.95000,  1.05000
+++ 900 s: Handling TapChange = 0.00625
17, 900.000, 1, 2,   1.00,  1.03125,  0.00625,  0.00313,  0.00313,  0.95000,  1.05000
+++ 1140 s: Handling TapChange = 0.00625
17, 1140.000, 1, 3,   1.00,  1.03438,  0.00625,  0.00313,  0.00313,  0.95000,  1.05000
+++ 1620 s: Handling TapChange = -0.009375
17, 1620.000, 1, 3,   1.00,  1.03750, -0.00938, -0.00625,  0.00313,  0.95000,  1.05000
+++ 1680 s: Handling TapChange = -0.00625
17, 1680.000, 1, 3,   1.00,  1.03125, -0.00625, -0.00313,  0.00313,  0.95000,  1.05000
+++ 1860 s: Handling TapChange = -0.003125
17, 1860.000, 1, 2,   1.00,  1.02813, -0.00313, -0.00313,  0.00313,  0.95000,  1.05000
+++ 2040 s: Handling TapChange = -0.003125
17, 2040.000, 1, 3,   1.00,  1.02500, -0.00313, -0.00313,  0.00313,  0.95000,  1.05000
+++ 2340 s: Handling TapChange = 0.00625
17, 2340.000, 1, 3,   1.00,  1.02188,  0.00625,  0.00313,  0.00313,  0.95000,  1.05000
+++ 2580 s: Handling TapChange = 0.00625
17, 2580.000, 1, 3,   1.00,  1.02500,  0.00625,  0.00313,  0.00313,  0.95000,  1.05000
+++ 3240 s: Handling TapChange = 0.003125
17, 3240.000, 1, 3,   1.00,  1.02813,  0.00313,  0.00313,  0.00313,  0.95000,  1.05000
+++ 420 s: Handling TapChange = -0.00625
18, 420.000, 1, 3,   1.00,  1.03125, -0.00625, -0.00313,  0.00313,  0.95000,  1.05000
+++ 480 s: Handling TapChange = -0.003125
18, 480.000, 1, 3,   1.00,  1.02813, -0.00313, -0.00313,  0.00313,  0.95000,  1.05000
+++ 1080 s: Handling TapChange = 0.003125
18, 1080.000, 1, 3,   1.00,  1.02500,  0.00313,  0.00313,  0.00313,  0.95000,  1.05000
+++ 1140 s: Handling TapChange = 0.00625
18, 1140.000, 1, 3,   1.00,  1.02813,  0.00625,  0.00313,  0.00313,  0.95000,  1.05000
+++ 1800 s: Handling TapChange = -0.003125
18, 1800.000, 1, 3,   1.00,  1.03125, -0.00313, -0.00313,  0.00313,  0.95000,  1.05000
+++ 2280 s: Handling TapChange = -0.00625
18, 2280.000, 1, 3,   1.00,  1.02813, -0.00625, -0.00313,  0.00313,  0.95000,  1.05000
+++ 2340 s: Handling TapChange = -0.00625
18, 2340.000, 1, 3,   1.00,  1.02500, -0.00625, -0.00313,  0.00313,  0.95000,  1.05000
+++ 3000 s: Handling TapChange = 0.00625
18, 3000.000, 1, 2,   1.00,  1.02188,  0.00625,  0.00313,  0.00313,  0.95000,  1.05000
+++ 3240 s: Handling TapChange = -0.003125
18, 3240.000, 1, 2,   1.00,  1.02500, -0.00313, -0.00313,  0.00313,  0.95000,  1.05000
+++ 3480 s: Handling TapChange = -0.00625
18, 3480.000, 1, 3,   1.00,  1.02188, -0.00625, -0.00313,  0.00313,  0.95000,  1.05000
+++ 3540 s: Handling TapChange = 0.003125
18, 3540.000, 1, 3,   1.00,  1.01875,  0.00313,  0.00313,  0.00313,  0.95000,  1.05000
+++ 120 s: Handling TapChange = 0.00625
19, 120.000, 1, 3,   1.00,  1.02188,  0.00625,  0.00313,  0.00313,  0.95000,  1.05000
+++ 120 s: Handling TapChange = 0.003125
19, 120.000, 2, 3,   1.00,  1.02500,  0.00313,  0.00313,  0.00313,  0.95000,  1.05000
+++ 360 s: Handling TapChange = -0.003125
19, 360.000, 1, 2,   1.00,  1.02813, -0.00313, -0.00313,  0.00313,  0.95000,  1.05000
+++ 480 s: Handling TapChange = -0.00625
19, 480.000, 1, 3,   1.00,  1.02500, -0.00625, -0.00313,  0.00313,  0.95000,  1.05000
+++ 540 s: Handling TapChange = -0.003125
19, 540.000, 1, 3,   1.00,  1.02188, -0.00313, -0.00313,  0.00313,  0.95000,  1.05000
+++ 600 s: Handling TapChange = -0.00625
19, 600.000, 1, 3,   1.00,  1.01875, -0.00625, -0.00313,  0.00313,  0.95000,  1.05000
+++ 840 s: Handling TapChange = 0.003125
19, 840.000, 1, 3,   1.00,  1.01563,  0.00313,  0.00313,  0.00313,  0.95000,  1.05000
+++ 900 s: Handling TapChange = 0.00625
19, 900.000, 1, 3,   1.00,  1.01875,  0.00625,  0.00313,  0.00313,  0.95000,  1.05000
+++ 960 s: Handling TapChange = 0.00625
19, 960.000, 1, 3,   1.00,  1.02188,  0.00625,  0.00313,  0.00313,  0.95000,  1.05000
+++ 1080 s: Handling TapChange = -0.00625
19, 1080.000, 1, 3,   1.00,  1.02500, -0.00625, -0.00313,  0.00313,  0.95000,  1.05000
+++ 1140 s: Handling TapChange = -0.00625
19, 1140.000, 1, 3,   1.00,  1.02188, -0.00625, -0.00313,  0.00313,  0.95000,  1.05000
+++ 1380 s: Handling TapChange = 0.003125
19, 1380.000, 1, 3,   1.00,  1.01875,  0.00313,  0.00313,  0.00313,  0.95000,  1.05000
+++ 1860 s: Handling TapChange = -0.00625
19, 1860.000, 1, 3,   1.00,  1.02188, -0.00625, -0.00313,  0.00313,  0.95000,  1.05000
+++ 2040 s: Handling TapChange = 0.00625
19, 2040.000, 1, 3,   1.00,  1.01875,  0.00625,  0.00313,  0.00313,  0.95000,  1.05000
+++ 2100 s: Handling TapChange = 0.00625
19, 2100.000, 1, 2,   1.00,  1.02188,  0.00625,  0.00313,  0.00313,  0.95000,  1.05000
+++ 2340 s: Handling TapChange = -0.00625
19, 2340.000, 1, 3,   1.00,  1.02500, -0.00625, -0.00313,  0.00313,  0.95000,  1.05000
+++ 2640 s: Handling TapChange = 0.00625
19, 2640.000, 1, 3,   1.00,  1.02188,  0.00625,  0.00313,  0.00313,  0.95000,  1.05000
+++ 3000 s: Handling TapChange = -0.00625
19, 3000.000, 1, 3,   1.00,  1.02500, -0.00625, -0.00313,  0.00313,  0.95000,  1.05000
+++ 0 s: Handling TapChange = -0.00625
20, 0.000, 1, 3,   1.00,  1.02188, -0.00625, -0.00313,  0.00313,  0.95000,  1.05000
+++ 480 s: Handling TapChange = 0.003125
20, 480.000, 1, 2,   1.00,  1.01875,  0.00313,  0.00313,  0.00313,  0.95000,  1.05000
+++ 840 s: Handling TapChange = 0.00625
20, 840.000, 1, 3,   1.00,  1.02188,  0.00625,  0.00313,  0.00313,  0.95000,  1.05000
+++ 1320 s: Handling TapChange = -0.00625
20, 1320.000, 1, 3,   1.00,  1.02500, -0.00625, -0.00313,  0.00313,  0.95000,  1.05000
+++ 1380 s: Handling TapChange = -0.00625
20, 1380.000, 1, 3,   1.00,  1.02188, -0.00625, -0.00313,  0.00313,  0.95000,  1.05000
+++ 1560 s: Handling TapChange = -0.00625
20, 1560.000, 1, 2,   1.00,  1.01875, -0.00625, -0.00313,  0.00313,  0.95000,  1.05000
+++ 1860 s: Handling TapChange = 0.00625
20, 1860.000, 1, 3,   1.00,  1.01563,  0.00625,  0.00313,  0.00313,  0.95000,  1.05000
+++ 1920 s: Handling TapChange = 0.00625
20, 1920.000, 1, 3,   1.00,  1.01875,  0.00625,  0.00313,  0.00313,  0.95000,  1.05000
+++ 2040 s: Handling TapChange = 0.009375
20, 2040.000, 1, 3,   1.00,  1.02188,  0.00938,  0.00625,  0.00313,  0.95000,  1.05000
+++ 2100 s: Handling TapChange = 0.003125
20, 2100.000, 1, 3,   1.00,  1.02813,  0.00313,  0.00313,  0.00313,  0.95000,  1.05000
+++ 2340 s: Handling TapChange = -0.00625
20, 2340.000, 1, 3,   1.00,  1.03125, -0.00625, -0.00313,  0.00313,  0.95000,  1.05000
+++ 2400 s: Handling TapChange = -0.00625
20, 2400.000, 1, 3,   1.00,  1.02813, -0.00625, -0.00313,  0.00313,  0.95000,  1.05000
+++ 2400 s: Handling TapChange = -0.003125
20, 2400.000, 2, 3,   1.00,  1.02500, -0.00313, -0.00313,  0.00313,  0.95000,  1.05000
+++ 2580 s: Handling TapChange = -0.00625
20, 2580.000, 1, 3,   1.00,  1.02188, -0.00625, -0.00313,  0.00313,  0.95000,  1.05000
+++ 2820 s: Handling TapChange = -0.00625
20, 2820.000, 1, 3,   1.00,  1.01875, -0.00625, -0.00313,  0.00313,  0.95000,  1.05000
+++ 2940 s: Handling TapChange = 0.009375
20, 2940.000, 1, 3,   1.00,  1.01563,  0.00938,  0.00625,  0.00313,  0.95000,  1.05000
+++ 3000 s: Handling TapChange = 0.00625
20, 3000.000, 1, 3,   1.00,  1.02188,  0.00625,  0.00313,  0.00313,  0.95000,  1.05000
+++ 3000 s: Handling TapChange = 0.003125
20, 3000.000, 2, 3,   1.00,  1.02500,  0.00313,  0.00313,  0.00313,  0.95000,  1.05000
+++ 3240 s: Handling TapChange = 0.00625
20, 3240.000, 1, 3,   1.00,  1.02813,  0.00625,  0.00313,  0.00313,  0.95000,  1.05000
+++ 3240 s: Handling TapChange = 0.003125
20, 3240.000, 2, 3,   1.00,  1.03125,  0.00313,  0.00313,  0.00313,  0.95000,  1.05000
+++ 0 s: Handling TapChange = -0.00625
21, 0.000, 1, 3,   1.00,  1.03438, -0.00625, -0.00313,  0.00313,  0.95000,  1.05000
+++ 480 s: Handling TapChange = -0.00625
21, 480.000, 1, 2,   1.00,  1.03125, -0.00625, -0.00313,  0.00313,  0.95000,  1.05000
+++ 840 s: Handling TapChange = 0.003125
21, 840.000, 1, 3,   1.00,  1.02813,  0.00313,  0.00313,  0.00313,  0.95000,  1.05000
+++ 1080 s: Handling TapChange = -0.003125
21, 1080.000, 1, 2,   1.00,  1.03125, -0.00313, -0.00313,  0.00313,  0.95000,  1.05000
+++ 1260 s: Handling TapChange = -0.003125
21, 1260.000, 1, 3,   1.00,  1.02813, -0.00313, -0.00313,  0.00313,  0.95000,  1.05000
+++ 1320 s: Handling TapChange = -0.00625
21, 1320.000, 1, 3,   1.00,  1.02500, -0.00625, -0.00313,  0.00313,  0.95000,  1.05000
+++ 1560 s: Handling TapChange = 0.00625
21, 1560.000, 1, 3,   1.00,  1.02188,  0.00625,  0.00313,  0.00313,  0.95000,  1.05000
+++ 1680 s: Handling TapChange = 0.00625
21, 1680.000, 1, 3,   1.00,  1.02500,  0.00625,  0.00313,  0.00313,  0.95000,  1.05000
+++ 1860 s: Handling TapChange = 0.00625
21, 1860.000, 1, 3,   1.00,  1.02813,  0.00625,  0.00313,  0.00313,  0.95000,  1.05000
+++ 2100 s: Handling TapChange = 0.00625
21, 2100.000, 1, 3,   1.00,  1.03125,  0.00625,  0.00313,  0.00313,  0.95000,  1.05000
+++ 2400 s: Handling TapChange = -0.003125
21, 2400.000, 1, 3,   1.00,  1.03438, -0.00313, -0.00313,  0.00313,  0.95000,  1.05000
+++ 2580 s: Handling TapChange = -0.00625
21, 2580.000, 1, 3,   1.00,  1.03125, -0.00625, -0.00313,  0.00313,  0.95000,  1.05000
+++ 2640 s: Handling TapChange = -0.00625
21, 2640.000, 1, 3,   1.00,  1.02813, -0.00625, -0.00313,  0.00313,  0.95000,  1.05000
+++ 2760 s: Handling TapChange = -0.00625
21, 2760.000, 1, 3,   1.00,  1.02500, -0.00625, -0.00313,  0.00313,  0.95000,  1.05000
+++ 2820 s: Handling TapChange = -0.003125
21, 2820.000, 1, 2,   1.00,  1.02188, -0.00313, -0.00313,  0.00313,  0.95000,  1.05000
+++ 3180 s: Handling TapChange = 0.003125
21, 3180.000, 1, 3,   1.00,  1.01875,  0.00313,  0.00313,  0.00313,  0.95000,  1.05000
+++ 3240 s: Handling TapChange = 0.00625
21, 3240.000, 1, 3,   1.00,  1.02188,  0.00625,  0.00313,  0.00313,  0.95000,  1.05000
+++ 3300 s: Handling TapChange = 0.00625
21, 3300.000, 1, 3,   1.00,  1.02500,  0.00625,  0.00313,  0.00313,  0.95000,  1.05000
+++ 3360 s: Handling TapChange = 0.00625
21, 3360.000, 1, 2,   1.00,  1.02813,  0.00625,  0.00313,  0.00313,  0.95000,  1.05000
+++ 3480 s: Handling TapChange = 0.00625
21, 3480.000, 1, 3,   1.00,  1.03125,  0.00625,  0.00313,  0.00313,  0.95000,  1.05000
+++ 600 s: Handling TapChange = -0.00625
22, 600.000, 1, 3,   1.00,  1.03438, -0.00625, -0.00313,  0.00313,  0.95000,  1.05000
+++ 840 s: Handling TapChange = -0.003125
22, 840.000, 1, 3,   1.00,  1.03125, -0.00313, -0.00313,  0.00313,  0.95000,  1.05000
+++ 900 s: Handling TapChange = -0.00625
22, 900.000, 1, 3,   1.00,  1.02813, -0.00625, -0.00313,  0.00313,  0.95000,  1.05000
+++ 1020 s: Handling TapChange = -0.00625
22, 1020.000, 1, 3,   1.00,  1.02500, -0.00625, -0.00313,  0.00313,  0.95000,  1.05000
+++ 1320 s: Handling TapChange = 0.00625
22, 1320.000, 1, 3,   1.00,  1.02188,  0.00625,  0.00313,  0.00313,  0.95000,  1.05000
+++ 1500 s: Handling TapChange = 0.009375
22, 1500.000, 1, 3,   1.00,  1.02500,  0.00938,  0.00625,  0.00313,  0.95000,  1.05000
+++ 2220 s: Handling TapChange = -0.00625
22, 2220.000, 1, 3,   1.00,  1.03125, -0.00625, -0.00313,  0.00313,  0.95000,  1.05000
+++ 2220 s: Handling TapChange = -0.003125
22, 2220.000, 2, 3,   1.00,  1.02813, -0.00313, -0.00313,  0.00313,  0.95000,  1.05000
+++ 2640 s: Handling TapChange = -0.003125
22, 2640.000, 1, 3,   1.00,  1.02500, -0.00313, -0.00313,  0.00313,  0.95000,  1.05000
+++ 3300 s: Handling TapChange = 0.009375
22, 3300.000, 1, 3,   1.00,  1.02188,  0.00938,  0.00625,  0.00313,  0.95000,  1.05000
+++ 3360 s: Handling TapChange = 0.00625
22, 3360.000, 1, 3,   1.00,  1.02813,  0.00625,  0.00313,  0.00313,  0.95000,  1.05000
+++ 120 s: Handling TapChange = -0.00625
23, 120.000, 1, 3,   1.00,  1.03125, -0.00625, -0.00313,  0.00313,  0.95000,  1.05000
+++ 180 s: Handling TapChange = -0.00625
23, 180.000, 1, 3,   1.00,  1.02813, -0.00625, -0.00313,  0.00313,  0.95000,  1.05000
+++ 180 s: Handling TapChange = -0.003125
23, 180.000, 2, 3,   1.00,  1.02500, -0.00313, -0.00313,  0.00313,  0.95000,  1.05000
+++ 540 s: Handling TapChange = -0.00625
23, 540.000, 1, 2,   1.00,  1.02188, -0.00625, -0.00313,  0.00313,  0.95000,  1.05000
+++ 780 s: Handling TapChange = -0.00625
23, 780.000, 1, 2,   1.00,  1.01875, -0.00625, -0.00313,  0.00313,  0.95000,  1.05000
+++ 1140 s: Handling TapChange = 0.009375
23, 1140.000, 1, 3,   1.00,  1.01563,  0.00938,  0.00625,  0.00313,  0.95000,  1.05000
+++ 1440 s: Handling TapChange = 0.003125
23, 1440.000, 1, 3,   1.00,  1.02188,  0.00313,  0.00313,  0.00313,  0.95000,  1.05000
+++ 1680 s: Handling TapChange = -0.00625
23, 1680.000, 1, 3,   1.00,  1.02500, -0.00625, -0.00313,  0.00313,  0.95000,  1.05000
+++ 1740 s: Handling TapChange = -0.00625
23, 1740.000, 1, 3,   1.00,  1.02188, -0.00625, -0.00313,  0.00313,  0.95000,  1.05000
+++ 2880 s: Handling TapChange = -0.00625
23, 2880.000, 1, 2,   1.00,  1.01875, -0.00625, -0.00313,  0.00313,  0.95000,  1.05000
+++ 0 s: Handling TapChange = -0.00625
24, 0.000, 1, 2,   1.00,  1.01563, -0.00625, -0.00313,  0.00313,  0.95000,  1.05000
+++ 60 s: Handling TapChange = -0.003125
24, 60.000, 5, 2,   1.00,  1.01250, -0.00313, -0.00313,  0.00313,  0.95000,  1.05000
+++ 960 s: Handling TapChange = 0.00625
24, 960.000, 4, 2,   1.00,  1.00938,  0.00625,  0.00313,  0.00313,  0.95000,  1.05000
+++ 2820 s: Handling TapChange = -0.003125
24, 2820.000, 3, 2,   1.00,  1.01250, -0.00313, -0.00313,  0.00313,  0.95000,  1.05000
+++ 120 s: Handling TapChange = 0.003125
25, 120.000, 4, 2,   1.00,  1.00938,  0.00313,  0.00313,  0.00313,  0.95000,  1.05000
+++ 1140 s: Handling TapChange = -0.003125
25, 1140.000, 3, 2,   1.00,  1.01250, -0.00313, -0.00313,  0.00313,  0.95000,  1.05000
+++ 0 s: Handling TapChange = 0.00625
26, 0.000, 4, 2,   1.00,  1.00938,  0.00625,  0.00313,  0.00313,  0.95000,  1.05000
+++ 60 s: Handling TapChange = 0.00625
26, 60.000, 2, 2,   1.00,  1.01250,  0.00625,  0.00313,  0.00313,  0.95000,  1.05000
+++ 540 s: Handling TapChange = -0.00625
26, 540.000, 4, 2,   1.00,  1.01563, -0.00625, -0.00313,  0.00313,  0.95000,  1.05000
+++ 1500 s: Handling TapChange = 0.003125
26, 1500.000, 3, 2,   1.00,  1.01250,  0.00313,  0.00313,  0.00313,  0.95000,  1.05000
+++ 1860 s: Handling TapChange = -0.00625
27, 1860.000, 4, 2,   1.00,  1.01563, -0.00625, -0.00313,  0.00313,  0.95000,  1.05000
+++ 1920 s: Handling TapChange = -0.003125
27, 1920.000, 3, 2,   1.00,  1.01250, -0.00313, -0.00313,  0.00313,  0.95000,  1.05000
+++ 1800 s: Handling TapChange = -0.003125
28, 1800.000, 3, 2,   1.00,  1.00938, -0.00313, -0.00313,  0.00313,  0.95000,  1.05000
+++ 3240 s: Handling TapChange = -0.003125
28, 3240.000, 2, 2,   1.00,  1.00625, -0.00313, -0.00313,  0.00313,  0.95000,  1.05000
+++ 1140 s: Handling TapChange = -0.003125
30, 1140.000, 3, 2,   1.00,  1.00313, -0.00313, -0.00313,  0.00313,  0.95000,  1.05000
+++ 3420 s: Handling TapChange = -0.003125
30, 3420.000, 3, 2,   1.00,  1.00000, -0.00313, -0.00313,  0.00313,  0.95000,  1.05000
+++ 3000 s: Handling TapChange = 0.003125
31, 3000.000, 4, 2,   1.00,  0.99687,  0.00313,  0.00313,  0.00313,  0.95000,  1.05000
+++ 180 s: Handling TapChange = -0.00625
32, 180.000, 4, 2,   1.00,  1.00000, -0.00625, -0.00313,  0.00313,  0.95000,  1.05000
+++ 600 s: Handling TapChange = 0.00625
32, 600.000, 4, 2,   1.00,  0.99687,  0.00625,  0.00313,  0.00313,  0.95000,  1.05000
+++ 660 s: Handling TapChange = 0.00625
32, 660.000, 4, 2,   1.00,  1.00000,  0.00625,  0.00313,  0.00313,  0.95000,  1.05000
+++ 720 s: Handling TapChange = 0.003125
32, 720.000, 2, 2,   1.00,  1.00313,  0.00313,  0.00313,  0.00313,  0.95000,  1.05000
+++ 1140 s: Handling TapChange = -0.00625
32, 1140.000, 6, 2,   1.00,  1.00625, -0.00625, -0.00313,  0.00313,  0.95000,  1.05000
+++ 1140 s: Handling TapChange = -0.00625
32, 1140.000, 9, 2,   1.00,  1.00313, -0.00625, -0.00313,  0.00313,  0.95000,  1.05000
+++ 1200 s: Handling TapChange = -0.00625
32, 1200.000, 4, 2,   1.00,  1.00000, -0.00625, -0.00313,  0.00313,  0.95000,  1.05000
+++ 1260 s: Handling TapChange = -0.003125
32, 1260.000, 3, 2,   1.00,  0.99687, -0.00313, -0.00313,  0.00313,  0.95000,  1.05000
+++ 2040 s: Handling TapChange = 0.00625
32, 2040.000, 5, 2,   1.00,  0.99375,  0.00625,  0.00313,  0.00313,  0.95000,  1.05000
+++ 2100 s: Handling TapChange = 0.00625
32, 2100.000, 5, 2,   1.00,  0.99687,  0.00625,  0.00313,  0.00313,  0.95000,  1.05000
+++ 2100 s: Handling TapChange = 0.00625
32, 2100.000, 8, 2,   1.00,  1.00000,  0.00625,  0.00313,  0.00313,  0.95000,  1.05000
+++ 2160 s: Handling TapChange = 0.00625
32, 2160.000, 4, 2,   1.00,  1.00313,  0.00625,  0.00313,  0.00313,  0.95000,  1.05000
+++ 2640 s: Handling TapChange = -0.00625
32, 2640.000, 3, 2,   1.00,  1.00625, -0.00625, -0.00313,  0.00313,  0.95000,  1.05000
+++ 2700 s: Handling TapChange = -0.009375
32, 2700.000, 7, 2,   1.00,  1.00313, -0.00938, -0.00313,  0.00313,  0.95000,  1.05000
+++ 2700 s: Handling TapChange = -0.00625
32, 2700.000, 10, 2,   1.00,  1.00000, -0.00625, -0.00313,  0.00313,  0.95000,  1.05000
+++ 2700 s: Handling TapChange = -0.00625
32, 2700.000, 14, 2,   1.00,  0.99687, -0.00625, -0.00313,  0.00313,  0.95000,  1.05000
+++ 3060 s: Handling TapChange = 0.00625
32, 3060.000, 4, 2,   1.00,  0.99375,  0.00625,  0.00313,  0.00313,  0.95000,  1.05000
+++ 3120 s: Handling TapChange = 0.00625
32, 3120.000, 3, 2,   1.00,  0.99687,  0.00625,  0.00313,  0.00313,  0.95000,  1.05000
+++ 240 s: Handling TapChange = -0.003125
33, 240.000, 7, 2,   1.00,  1.00000, -0.00313, -0.00313,  0.00313,  0.95000,  1.05000
+++ 540 s: Handling TapChange = -0.003125
33, 540.000, 5, 2,   1.00,  0.99687, -0.00313, -0.00313,  0.00313,  0.95000,  1.05000
+++ 1320 s: Handling TapChange = 0.00625
33, 1320.000, 4, 2,   1.00,  0.99375,  0.00625,  0.00313,  0.00313,  0.95000,  1.05000
+++ 1380 s: Handling TapChange = 0.00625
33, 1380.000, 4, 2,   1.00,  0.99687,  0.00625,  0.00313,  0.00313,  0.95000,  1.05000
+++ 1500 s: Handling TapChange = 0.00625
33, 1500.000, 5, 2,   1.00,  1.00000,  0.00625,  0.00313,  0.00313,  0.95000,  1.05000
+++ 1500 s: Handling TapChange = 0.00625
33, 1500.000, 8, 2,   1.00,  1.00313,  0.00625,  0.00313,  0.00313,  0.95000,  1.05000
+++ 2160 s: Handling TapChange = -0.00625
33, 2160.000, 5, 2,   1.00,  1.00625, -0.00625, -0.00313,  0.00313,  0.95000,  1.05000
+++ 2160 s: Handling TapChange = -0.003125
33, 2160.000, 8, 2,   1.00,  1.00313, -0.00313, -0.00313,  0.00313,  0.95000,  1.05000
+++ 2520 s: Handling TapChange = 0.003125
33, 2520.000, 3, 2,   1.00,  1.00000,  0.00313,  0.00313,  0.00313,  0.95000,  1.05000
+++ 2580 s: Handling TapChange = 0.00625
33, 2580.000, 4, 2,   1.00,  1.00313,  0.00625,  0.00313,  0.00313,  0.95000,  1.05000
+++ 2640 s: Handling TapChange = 0.00625
33, 2640.000, 4, 2,   1.00,  1.00625,  0.00625,  0.00313,  0.00313,  0.95000,  1.05000
+++ 3540 s: Handling TapChange = -0.00625
33, 3540.000, 6, 2,   1.00,  1.00938, -0.00625, -0.00313,  0.00313,  0.95000,  1.05000
+++ 1140 s: Handling TapChange = -0.00625
34, 1140.000, 7, 2,   1.00,  1.00625, -0.00625, -0.00313,  0.00313,  0.95000,  1.05000
+++ 1560 s: Handling TapChange = 0.003125
34, 1560.000, 4, 2,   1.00,  1.00313,  0.00313,  0.00313,  0.00313,  0.95000,  1.05000
+++ 3360 s: Handling TapChange = -0.00625
34, 3360.000, 5, 2,   1.00,  1.00625, -0.00625, -0.00313,  0.00313,  0.95000,  1.05000
+++ 3420 s: Handling TapChange = -0.003125
34, 3420.000, 5, 2,   1.00,  1.00313, -0.00313, -0.00313,  0.00313,  0.95000,  1.05000
+++ 300 s: Handling TapChange = 0.00625
35, 300.000, 4, 2,   1.00,  1.00000,  0.00625,  0.00313,  0.00313,  0.95000,  1.05000
+++ 1200 s: Handling TapChange = -0.003125
35, 1200.000, 4, 2,   1.00,  1.00313, -0.00313, -0.00313,  0.00313,  0.95000,  1.05000
+++ 1800 s: Handling TapChange = 0.00625
35, 1800.000, 5, 2,   1.00,  1.00000,  0.00625,  0.00313,  0.00313,  0.95000,  1.05000
+++ 1800 s: Handling TapChange = 0.003125
35, 1800.000, 8, 2,   1.00,  1.00313,  0.00313,  0.00313,  0.00313,  0.95000,  1.05000
+++ 2640 s: Handling TapChange = 0.003125
35, 2640.000, 5, 2,   1.00,  1.00625,  0.00313,  0.00313,  0.00313,  0.95000,  1.05000
+++ 2940 s: Handling TapChange = 0.00625
35, 2940.000, 5, 2,   1.00,  1.00938,  0.00625,  0.00313,  0.00313,  0.95000,  1.05000
+++ 3120 s: Handling TapChange = 0.00625
35, 3120.000, 4, 2,   1.00,  1.01250,  0.00625,  0.00313,  0.00313,  0.95000,  1.05000
+++ 300 s: Handling TapChange = -0.00625
36, 300.000, 5, 2,   1.00,  1.01563, -0.00625, -0.00313,  0.00313,  0.95000,  1.05000
+++ 360 s: Handling TapChange = -0.003125
36, 360.000, 5, 2,   1.00,  1.01250, -0.00313, -0.00313,  0.00313,  0.95000,  1.05000
+++ 420 s: Handling TapChange = -0.003125
36, 420.000, 5, 2,   1.00,  1.00938, -0.00313, -0.00313,  0.00313,  0.95000,  1.05000
+++ 600 s: Handling TapChange = -0.003125
36, 600.000, 5, 2,   1.00,  1.00625, -0.00313, -0.00313,  0.00313,  0.95000,  1.05000
+++ 1020 s: Handling TapChange = 0.00625
36, 1020.000, 5, 2,   1.00,  1.00313,  0.00625,  0.00313,  0.00313,  0.95000,  1.05000
+++ 1080 s: Handling TapChange = 0.00625
36, 1080.000, 5, 2,   1.00,  1.00625,  0.00625,  0.00313,  0.00313,  0.95000,  1.05000
+++ 1080 s: Handling TapChange = 0.003125
36, 1080.000, 9, 2,   1.00,  1.00938,  0.00313,  0.00313,  0.00313,  0.95000,  1.05000
+++ 1200 s: Handling TapChange = 0.009375
36, 1200.000, 5, 2,   1.00,  1.01250,  0.00938,  0.00313,  0.00313,  0.95000,  1.05000
+++ 1200 s: Handling TapChange = 0.00625
36, 1200.000, 8, 2,   1.00,  1.01563,  0.00625,  0.00313,  0.00313,  0.95000,  1.05000
+++ 1200 s: Handling TapChange = 0.003125
36, 1200.000, 12, 2,   1.00,  1.01875,  0.00313,  0.00313,  0.00313,  0.95000,  1.05000
+++ 1380 s: Handling TapChange = -0.003125
36, 1380.000, 7, 2,   1.00,  1.02188, -0.00313, -0.00313,  0.00313,  0.95000,  1.05000
+++ 1560 s: Handling TapChange = -0.00625
36, 1560.000, 5, 2,   1.00,  1.01875, -0.00625, -0.00313,  0.00313,  0.95000,  1.05000
+++ 1560 s: Handling TapChange = -0.00625
36, 1560.000, 8, 2,   1.00,  1.01563, -0.00625, -0.00313,  0.00313,  0.95000,  1.05000
+++ 1560 s: Handling TapChange = -0.003125
36, 1560.000, 11, 2,   1.00,  1.01250, -0.00313, -0.00313,  0.00313,  0.95000,  1.05000
+++ 1920 s: Handling TapChange = -0.003125
36, 1920.000, 5, 2,   1.00,  1.00938, -0.00313, -0.00313,  0.00313,  0.95000,  1.05000
+++ 1980 s: Handling TapChange = -0.003125
36, 1980.000, 5, 2,   1.00,  1.00625, -0.00313, -0.00313,  0.00313,  0.95000,  1.05000
+++ 2340 s: Handling TapChange = 0.00625
36, 2340.000, 5, 2,   1.00,  1.00313,  0.00625,  0.00313,  0.00313,  0.95000,  1.05000
+++ 2340 s: Handling TapChange = 0.003125
36, 2340.000, 9, 2,   1.00,  1.00625,  0.00313,  0.00313,  0.00313,  0.95000,  1.05000
+++ 2760 s: Handling TapChange = 0.00625
36, 2760.000, 5, 2,   1.00,  1.00938,  0.00625,  0.00313,  0.00313,  0.95000,  1.05000
+++ 3300 s: Handling TapChange = -0.003125
36, 3300.000, 5, 2,   1.00,  1.01250, -0.00313, -0.00313,  0.00313,  0.95000,  1.05000
+++ 600 s: Handling TapChange = 0.003125
37, 600.000, 3, 2,   1.00,  1.00938,  0.00313,  0.00313,  0.00313,  0.95000,  1.05000
+++ 660 s: Handling TapChange = 0.003125
37, 660.000, 4, 2,   1.00,  1.01250,  0.00313,  0.00313,  0.00313,  0.95000,  1.05000
+++ 1020 s: Handling TapChange = 0.003125
37, 1020.000, 2, 2,   1.00,  1.01563,  0.00313,  0.00313,  0.00313,  0.95000,  1.05000
+++ 1440 s: Handling TapChange = 0.003125
37, 1440.000, 3, 2,   1.00,  1.01875,  0.00313,  0.00313,  0.00313,  0.95000,  1.05000
+++ 1980 s: Handling TapChange = -0.003125
37, 1980.000, 4, 2,   1.00,  1.02188, -0.00313, -0.00313,  0.00313,  0.95000,  1.05000
+++ 2460 s: Handling TapChange = 0.003125
37, 2460.000, 4, 2,   1.00,  1.01875,  0.00313,  0.00313,  0.00313,  0.95000,  1.05000
+++ 2520 s: Handling TapChange = 0.00625
37, 2520.000, 4, 2,   1.00,  1.02188,  0.00625,  0.00313,  0.00313,  0.95000,  1.05000
+++ 240 s: Handling TapChange = -0.003125
38, 240.000, 5, 2,   1.00,  1.02500, -0.00313, -0.00313,  0.00313,  0.95000,  1.05000
+++ 420 s: Handling TapChange = -0.003125
38, 420.000, 6, 2,   1.00,  1.02188, -0.00313, -0.00313,  0.00313,  0.95000,  1.05000
+++ 1560 s: Handling TapChange = 0.00625
38, 1560.000, 4, 2,   1.00,  1.01875,  0.00625,  0.00313,  0.00313,  0.95000,  1.05000
+++ 1680 s: Handling TapChange = 0.003125
38, 1680.000, 4, 2,   1.00,  1.02188,  0.00313,  0.00313,  0.00313,  0.95000,  1.05000
+++ 1800 s: Handling TapChange = 0.003125
38, 1800.000, 3, 2,   1.00,  1.02500,  0.00313,  0.00313,  0.00313,  0.95000,  1.05000
+++ 180 s: Handling TapChange = 0.00625
39, 180.000, 3, 2,   1.00,  1.02813,  0.00625,  0.00313,  0.00313,  0.95000,  1.05000
+++ 1440 s: Handling TapChange = 0.003125
39, 1440.000, 5, 2,   1.00,  1.03125,  0.00313,  0.00313,  0.00313,  0.95000,  1.05000
+++ 3480 s: Handling TapChange = -0.003125
39, 3480.000, 4, 2,   1.00,  1.03438, -0.00313, -0.00313,  0.00313,  0.95000,  1.05000
+++ 0 s: Handling TapChange = 0.00625
40, 0.000, 5, 2,   1.00,  1.03125,  0.00625,  0.00313,  0.00313,  0.95000,  1.05000
+++ 300 s: Handling TapChange = 0.00625
40, 300.000, 4, 2,   1.00,  1.03438,  0.00625,  0.00313,  0.00313,  0.95000,  1.05000
+++ 780 s: Handling TapChange = 0.00625
40, 780.000, 5, 2,   1.00,  1.03750,  0.00625,  0.00313,  0.00313,  0.95000,  1.05000
+++ 1020 s: Handling TapChange = -0.003125
40, 1020.000, 5, 2,   1.00,  1.04063, -0.00313, -0.00313,  0.00313,  0.95000,  1.05000
+++ 1920 s: Handling TapChange = -0.003125
40, 1920.000, 3, 2,   1.00,  1.03750, -0.00313, -0.00313,  0.00313,  0.95000,  1.05000
+++ 2760 s: Handling TapChange = 0.003125
40, 2760.000, 3, 2,   1.00,  1.03438,  0.00313,  0.00313,  0.00313,  0.95000,  1.05000
+++ 420 s: Handling TapChange = -0.00625
41, 420.000, 4, 2,   1.00,  1.03750, -0.00625, -0.00313,  0.00313,  0.95000,  1.05000
+++ 1620 s: Handling TapChange = -0.00625
41, 1620.000, 4, 2,   1.00,  1.03438, -0.00625, -0.00313,  0.00313,  0.95000,  1.05000
+++ 1680 s: Handling TapChange = -0.00625
41, 1680.000, 3, 2,   1.00,  1.03125, -0.00625, -0.00313,  0.00313,  0.95000,  1.05000
+++ 2040 s: Handling TapChange = -0.00625
41, 2040.000, 4, 2,   1.00,  1.02813, -0.00625, -0.00313,  0.00313,  0.95000,  1.05000
+++ 2340 s: Handling TapChange = -0.003125
42, 2340.000, 4, 2,   1.00,  1.02500, -0.00313, -0.00313,  0.00313,  0.95000,  1.05000
+++ 600 s: Handling TapChange = -0.00625
43, 600.000, 4, 2,   1.00,  1.02188, -0.00625, -0.00313,  0.00313,  0.95000,  1.05000
+++ 2040 s: Handling TapChange = 0.003125
44, 2040.000, 4, 2,   1.00,  1.01875,  0.00313,  0.00313,  0.00313,  0.95000,  1.05000
+++ 2580 s: Handling TapChange = -0.003125
44, 2580.000, 3, 2,   1.00,  1.02188, -0.00313, -0.00313,  0.00313,  0.95000,  1.05000
+++ 2880 s: Handling TapChange = -0.003125
44, 2880.000, 3, 2,   1.00,  1.01875, -0.00313, -0.00313,  0.00313,  0.95000,  1.05000
+++ 3000 s: Handling TapChange = 0.00625
44, 3000.000, 4, 2,   1.00,  1.01563,  0.00625,  0.00313,  0.00313,  0.95000,  1.05000
+++ 3180 s: Handling TapChange = 0.003125
44, 3180.000, 3, 2,   1.00,  1.01875,  0.00313,  0.00313,  0.00313,  0.95000,  1.05000
+++ 3240 s: Handling TapChange = 0.00625
44, 3240.000, 4, 2,   1.00,  1.02188,  0.00625,  0.00313,  0.00313,  0.95000,  1.05000
+++ 3480 s: Handling TapChange = 0.003125
44, 3480.000, 3, 2,   1.00,  1.02500,  0.00313,  0.00313,  0.00313,  0.95000,  1.05000
+++ 1320 s: Handling TapChange = -0.00625
45, 1320.000, 4, 2,   1.00,  1.02813, -0.00625, -0.00313,  0.00313,  0.95000,  1.05000
+++ 1380 s: Handling TapChange = -0.003125
45, 1380.000, 2, 2,   1.00,  1.02500, -0.00313, -0.00313,  0.00313,  0.95000,  1.05000
+++ 1860 s: Handling TapChange = 0.003125
45, 1860.000, 4, 2,   1.00,  1.02188,  0.00313,  0.00313,  0.00313,  0.95000,  1.05000
+++ 2220 s: Handling TapChange = 0.003125
45, 2220.000, 2, 2,   1.00,  1.02500,  0.00313,  0.00313,  0.00313,  0.95000,  1.05000
+++ 2640 s: Handling TapChange = -0.003125
45, 2640.000, 4, 2,   1.00,  1.02813, -0.00313, -0.00313,  0.00313,  0.95000,  1.05000
+++ 2760 s: Handling TapChange = -0.003125
45, 2760.000, 3, 2,   1.00,  1.02500, -0.00313, -0.00313,  0.00313,  0.95000,  1.05000
+++ 3480 s: Handling TapChange = 0.00625
45, 3480.000, 4, 2,   1.00,  1.02188,  0.00625,  0.00313,  0.00313,  0.95000,  1.05000
+++ 1020 s: Handling TapChange = -0.00625
46, 1020.000, 4, 2,   1.00,  1.02500, -0.00625, -0.00313,  0.00313,  0.95000,  1.05000
+++ 1500 s: Handling TapChange = 0.003125
46, 1500.000, 5, 2,   1.00,  1.02188,  0.00313,  0.00313,  0.00313,  0.95000,  1.05000
+++ 420 s: Handling TapChange = -0.00625
47, 420.000, 3, 2,   1.00,  1.02500, -0.00625, -0.00313,  0.00313,  0.95000,  1.05000
+++ 720 s: Handling TapChange = -0.003125
47, 720.000, 3, 2,   1.00,  1.02188, -0.00313, -0.00313,  0.00313,  0.95000,  1.05000
+++ 3180 s: Handling TapChange = -0.003125
47, 3180.000, 3, 2,   1.00,  1.01875, -0.00313, -0.00313,  0.00313,  0.95000,  1.05000
